cz,en
požadavek,requirement
slavný,famous
muzeum,museum
zajistit,ensure
výstava,exhibition
Václav,Wenceslas
aniž,without
probíhat,take place
přemýšlet,think
zvládnout,to handle
budoucnost,future
podlaha,floor
policista,policeman
přímý,direct
snaha,effort
předpokládat,assume
obrázek,picture
kdysi,once
stovka,hundred
hledisko,aspect
září,September
vznik,emergence
opustit,forsake
ztráta,loss
drobný,small
avšak,but
scéna,scene
liga,league
anebo,or
napětí,voltage
přesvědčit,convince
vítr,wind
duše,soul
technika,technique
zima,winter
učitel,teacher
partner,partner
pevný,solid
dozvědět,to learn
struktura,structure
produkt,product
volat,call
domov,home
dolar,dollar
zavřít,close
kulturní,cultural
souvislost,context
výška,height
zabít,kill
výhoda,advantage
komunikace,communications
skvělý,great
park,park
kostel,church
dodávat,deliver
divák,spectator
generace,generation
potvrdit,confirm
léto,summer
předseda,chairman
obr,giant
vznikat,to arise
určit,determine
stanice,station
drahý,expensive
počátek,beginning
gól,goal
pryč,away
kategorie,category
vstoupit,enter
utkání,game
všude,everywhere
svatý,holy
Čech,Guild
učit,teach
návštěvník,visitor
konečný,final
ucho,ear
přírodní,natural
cizí,foreign
maso,meat
veřejnost,public
maminka,mom
dispozice,disposition
střecha,roof
ruský,Russian
zkusit,try
následovat,follow
uživatel,user
neustále,constantly
náročný,demanding
prodej,sale
dávno,long ago
vyrazit,to go out
takto,thus
internet,Internet
souhlasit,agree
řídit,drive
krk,neck
krajina,country
vždyť,after all
hudební,music
krize,crisis
hotel,hotel
setkat,to meet
motor,engine
předchozí,previous
praxe,practice
prázdný,empty
blízko,close
bránit,defend
povinnost,obligation
režim,regime
pokus,try
noviny,news
společenský,social
sport,sport
tušit,to suspect
uvádět,to state
ozvat,to call
francouzský,French
povídat,to talk
dojem,impression
naděje,hope
zabývat,to deal with
okraj,fringe
nosit,wear
mozek,brain
smát,laugh
karta,card
dřevěný,wooden
jižní,south
způsobit,cause
titul,title
nejprve,first
záležet,depend
právní,legal
ret,lip
délka,length
hrozit,threaten
zbraň,weapon
sobota,Saturday
spíš,file
hovořit,talk
zvolit,choose
dokument,document
přiznat,admit
správa,management
paměť,memory
údaj,detail
stopa,track
odborník,expert
časopis,magazine
nijak,no
odborný,professional
řád,order
Marie,Mary
sportovní,sports
složitý,complex
kontakt,contact
bojovat,combat
založit,establish
pivo,beer
horní,upper
západní,west
buď,either
krátce,briefly
soukromý,private
zpět,back
občan,citizen
přirozený,natural
vyžadovat,require
použití,use
růst,growth
vojenský,military
šaty,dress
jasně,clearly
riziko,risk
uvažovat,think
konat,to act
běžet,run
moc,urine
analýza,analysis
vydržet,withstand
ročník,vintage
dopravní,transport
lehký,light
starosta,mayor
tolik,so many
vadit,bother
záležitost,matter
případně,possibly
mistr,master
zdravý,healthy
holka,girl
mysl,mind
stín,shadow
zub,tooth
zadní,rear
opakovat,repeat
osud,fate
rána,wound
uvedený,said
využití,use
bota,shoe
náměstí,square
vozidlo,vehicle
svoboda,freedom
zdraví,health
USA,USA
plyn,gas
elektrický,electric
píseň,song
král,king
objevovat,to discover
pocházet,to come from
nemoc,disease
snadný,easy
končit,end
nalézt,find
klidně,calmly
potřebný,necessary
vzpomenout,to remember
vstup,input
dřevo,wood
jestliže,if
nově,new
princip,principle
vlak,train
Plzeň,Pilsen
armáda,army
nápad,idea
požádat,ask
fond,fund
útok,attack
podíl,share
leden,January
jaro,spring
reagovat,respond
květen,May
přinášet,to bring
milimetr,millimeter
osobnost,personality
hrad,roost
vzpomínka,memory
padnout,to fall
starost,concern
krajský,regional
projev,speech
oznámit,announce
podporovat,support
udržet,to keep
herec,actor
vejít,enter
vodní,aqueous
seznam,list
současně,simultaneously
typický,typical
popsat,describe
setkání,meeting
dvakrát,twice
restaurace,restaurant
pravděpodobně,likely
závislý,dependent
odmítnout,refuse
výše,above
narodit,to be born
ODS,ODS
fáze,phase
činit,do
tvorba,creation
chodba,corridor
ostrov,island
dorazit,arrive
hezký,pretty
zahraniční,foreign
náhle,suddenly
příčina,cause
pracovník,worker
spojit,unite
vstát,get up
počkat,wait
poskytovat,to provide
potkat,meet
věta,sentence
tma,dark
přejít,go over
chlap,guy
zásadní,essential
třicet,thirty
přední,front
složka,component
účel,purpose
pomyslet,to think
noční,night
praktický,practical
připravovat,to prepare
čin,tin
neděle,Sunday
sice,although
prostřednictvím,through
zvýšit,increase
literatura,literature
hladina,surface
prakticky,practical
slabý,weak
tvrdý,hard
most,must
čtenář,reader
nebe,sky
umožnit,enable
wordělení,division
vesnice,village
posadit,seat
sníh,snow
britský,British
zámek,lock
židle,chair
jíst,eat
návrat,return
dopadnout,to fall
oběť,sacrifice
přesný,exact
provádět,to carry out
dějiny,history
těžko,hard
nedostatek,lack
pokoušet,to tempt
Čechy,Bohemia
profesor,professor
červen,June
dech,breath
poněkud,somewhat
prodávat,sell
jízda,drive
normální,normal
barevný,colored
babička,grandmother
obvyklý,usual
spokojený,satisfied
sto,hundred
euro,euro
dařit,to prosper
přičemž,while
úzký,narrow
příjem,income
ženský,female
majetek,property
venku,outdoors
přítomnost,presence
jednou,once
letní,summer
trest,penalty
říjen,October
test,test
koncert,concert
loňský,last year
Amerika,America
atmosféra,atmosphere
důkaz,evidence
dlaň,palm
sklo,glass
navrhnout,propose
daň,tax
deník,daily
původně,originally
dráha,path
ryba,fish
užívat,use
médium,medium
překvapit,surprise
strávit,spend
operační,operating
národ,nation
knihovna,library
orgán,organ
sotva,barely
politik,politician
buňka,cell
komise,commission
policejní,police
pěkný,nice
severní,north
viz,see
teplý,warm
přístroj,apparatus
spojení,connection
nahoru,up
tradice,tradition
ideální,ideal
dokonalý,perfect
dneska,today
region,region
František,Francis
navštívit,visit
procházet,to walk
kapsa,pocket
novinka,novelty
nastat,to occur
tmavý,dark
pojem,concept
sejít,to meet
duben,April
vítězství,victory
uprostřed,in the middle
listopad,November
březen,March
investice,investment
existence,existence
křídlo,wing
výjimka,exception
Rusko,Russia
new,new
spatřit,see
úvaha,account
nedávno,recently
roh,corner
opatření,measures
obecně,in general
vědomí,consciousness
branka,goal
promluvit,speak
oheň,fire
denně,daily
ráno,morning
zachránit,save
soupeř,rival
ústav,institute
varianta,variant
levý,left
potíž,difficulty
kolem,around
poloha,position
umělecký,artistic
vážný,serious
klíčový,key
obecný,general
dovnitř,in
schod,step
vědecký,scientific
čtvrtý,fourth
festival,festival
srpen,August
tabulka,table
rozpočet,budget
obava,fear
rozměr,dimension
cokoli,anything
správně,correctly
žádat,ask
pozemek,land
poskytnout,provide
tentýž,same
školní,school
přibližně,approximately
výrobek,product
těsně,tightly
uzavřít,conclude
aktivní,active
devět,nine
John,John
dovést,to bring
kombinace,combination
alkohol,alcohol
připomenout,remind
objem,volume
zbavit,deprive
kočka,cat
podzim,autumn
brána,gate
značný,considerable
vnější,external
koleno,knee
obyčejný,ordinary
snížit,reduce
chvilka,a moment
prodat,sell
víra,faith
víkend,weekend
hřiště,field
kariéra,career
celek,whole
tj,i.e
žlutý,yellow
zkouška,exam
občanský,civil
letadlo,aircraft
dotace,subsidy
nos,nose
výstavba,construction
okolnost,circumstance
vzdálenost,distance
román,novel
počasí,weather
poznamenat,to note
doplnit,to supplement
zmíněný,mentioned
dodnes,to this day
starat,to care
fanoušek,fan
filmový,cinematic
Francie,France
areál,campus
touha,desire
sdělit,communicate
pravidelný,regular
zbývat,remain
nahradit,replace
nastoupit,to board
bok,side
ekonomika,economy
lék,medicine
popisovat,describe
teplo,heat
jedinec,individual
operace,operation
trpět,suffer
olej,oil
jemný,fine
vědec,scientist
odjet,to leave
vazba,custody
budoucí,future
průměr,diameter
připravený,prepared
ostatně,moreover
přikývnout,nod
pravidelně,regularly
zpívat,sing
vyjádřit,express
vyrábět,to produce
dle,according to
večeře,dinner
Jaroslav,Jaroslav
déšť,rain
narazit,encounter
několikrát,several times
příslušný,relevant
vůně,scent
vystoupit,to get out
bezpečnost,safety
termín,term
chránit,defend
fotbal,football
led,ice
postoj,position
tábor,camp
padesát,fifty
Němec,German
fotbalový,football
vesmír,universe
paže,arm
vzdálený,distant
břeh,bank
častý,frequent
klást,put
tón,tone
prosinec,December
zažít,experience
nýbrž,but
káva,coffee
dotknout,to touch
agentura,agency
uvědomovat,to realize
smích,laughter
přežít,survive
manažer,manager
lidový,folk
spotřeba,consumption
kost,bone
rekonstrukce,reconstruction
jistota,certainty
zítra,tomorrow
přečíst,to read
patro,floor
zahraničí,abroad
čerstvý,fresh
zboží,goods
autobus,bus
charakter,character
ostrý,keen
vzájemný,mutual
tiše,quietly
léčba,therapy
televizní,television
děkovat,thank
hotový,done
pád,fall
červenec,July
energetický,energetic
pohlédnout,to look
též,also
zachovat,to preserve
patnáct,fifteen
vrchol,top
znalost,knowledge
studie,studies
reálný,real
spočívat,rest
sednout,Sit
umístit,place
ČSSD,CSSD
to,it
podstatný,substantial
církev,church
žádost,request
klidný,quiet
domnívat,to suppose
faktor,factor
pokaždé,every time
mapa,map
studovat,study
sbírka,collection
časový,temporal
Londýn,London
účinek,effect
pták,bird
dostatečný,sufficient
mobilní,mobile
lišit,differ
aktuální,current
výbor,committee
táhnout,PULL
hmota,mass
účast,participation
postavení,position
určený,intended
souviset,to relate
pevně,firmly
východ,East
dostatečně,sufficiently
zisk,profit
hledět,look
levný,cheap
znak,character
následně,subsequently
informovat,inform
únor,February
vůle,will
účastník,party
milý,nice
Ostrava,Ostrava
částka,amount
dohoda,agreement
naštěstí,fortunately
oproti,compared to
instituce,institution
srovnání,comparison
Michal,Michael
proběhnout,to run through
podílet,participate
adresa,address
současnost,present
ztrácet,waste
předpoklad,assumption
bezpečnostní,safety
zas,again
nálada,mood
přivést,bring
původ,origin
pořádně,properly
odmítat,to refuse
oprava,repair
hospodářský,economic
nákup,purchase
zimní,winter
vteřina,second
pátek,Friday
obvod,circuit
západ,west
účet,account
zakázka,order
vězení,prison
kruh,ring
rozsáhlý,extensive
spor,dispute
svaz,union
hodnocení,evaluation
označit,mark
odpor,resistance
krása,beauty
takzvaný,so-called
vyskytovat,to occur
Morava,Moravia
produkce,production
mléko,milk
pozitivní,positive
silně,strongly
lokalita,localities
oblečení,clothing
zlý,evil
průmysl,industry
apod,etc.
chytit,catch
finance,finance
poměr,ratio
lehce,easily
dávný,ancient
utéci,flee
ovlivnit,to influence
vybírat,choose
vybavit,equip
kapitán,captain
fyzický,physical
temný,dark
odchod,departure
poznámka,note
úsek,section
unie,union
uložit,impose
režisér,director
rozšířit,extend
stáhnout,download
osobně,personally
samostatný,separate
studený,cold
odcházet,go
slza,tear
série,series
křeslo,chair
toužit,desire
výchova,upbringing
soustředit,concentrate
pozdní,late
tráva,grass
spustit,launch
ticho,silence
viset,hang
východní,east
domácnost,household
hala,hall
nehoda,accident
tlačítko,button
nárok,claim
dno,bottom
pozor,Attention
zaujmout,take
anglický,English
nazývat,to call
odkud,from where
radnice,town hall
pořídit,to acquire
cosi,something
hmotnost,weight
Zdeněk,Zdenek
hnutí,movement
stanovit,to establish
kapela,band
slovenský,Slovak
pobyt,stay
sál,hall
upozornit,to warn
projevit,to manifest
potravina,foodstuff
dlouhodobý,long-term
tichý,quiet
detail,detail
plánovat,plan
zmínit,to mention
odpoledne,afternoon
přítomný,present
rovnou,straight
jinde,elsewhere
vítěz,winner
dohromady,together
kurs,course
trať,track
vánoční,Christmas
veliký,great
fakulta,faculty
horký,hot
tehdejší,then
York,York
kapacita,capacity
pěkně,nicely
přání,washing
umělec,artist
odlišný,different
vyvolat,cause
zlato,gold
blížit,to approach
mladík,young man
hodlat,intend
informační,informational
plně,fully
spadnout,fall
knížka,book
zahájit,start
spánek,sleep
dostupný,available
případný,possible
realita,reality
květ,bloom
křičet,scream
rozsah,range
poradit,to advise
zvyšovat,increase
vina,fault
rozdělit,partition
fotka,photo
signál,signal
čaj,tea
novinář,journalist
zásada,principle
populace,population
splnit,to fulfill
obrana,defense
nadále,continue
proměnit,transform
průměrný,average
cukr,sugar
padat,fall
úplný,complete
dvůr,courtyard
Anna,Anna
hrdina,hero
učinit,to do
působení,action
prozradit,reveal
podávat,to serve
dočkat,to wait
probudit,wake
třetina,third
spodní,lower
premiér,premier
displej,display
jádro,core
vzor,pattern
zavést,introduce
uskutečnit,to carry out
vedoucí,head
dovolená,holiday
doporučovat,to recommend
strašně,terribly
nádherný,splendid
soustava,system
italský,Italian
vydávat,to issue
vzdělávání,education
věž,tower
rozhodovat,to decide
slečna,miss
zážitek,experience
dokončit,complete
norma,standard
nebezpečí,danger
rovnice,equation
záznam,record
povést,reputation
moment,moment
okolo,around
památka,monument
zaznamenat,record
dospělý,adult
turnaj,tournament
nechávat,to leave
provedení,execution
tajný,secret
povaha,nature
jev,phenomenon
jednoduše,simply
tenkrát,then
následek,result
větev,branch
vyřešit,solve
přednost,preference
Vánoce,Christmas
dvanáct,twelve
týž,same
mobil,mobile phone
specifický,specific
cigareta,cigarette
zasáhnout,hit
Richard,Richard
spisovatel,writer
usmívat,to smile
jednak,on the one hand
natolik,enough
připojit,connect
strategie,strategy
podepsat,sign
linka,line
předem,in advance
blok,block
kamera,camera
Olomouc,Olomouc
Čína,China
chladný,cold
nutit,to force
regionální,regional
dáma,lady
Slovensko,Slovakia
pár,few
brněnský,Brno
design,design
diskuse,discussion
vybraný,selected
označovat,to mark
boží,divine
ocitnout,to find oneself
stavět,build
suchý,dry
zkrátka,abbreviation
kamenný,stone
hnědý,brown
soused,neighbor
klíč,key
odhalit,reveal
tajemství,secret
dávka,dose
trasa,route
zbýt,to remain
vyhnout,avoid
parametr,parameter
kopec,hill
mírně,slightly
sdružení,association
zvýšení,increase
závislost,dependence
převzít,assume
zajít,to go
doslova,literally
zvláště,especially
pochopitelně,of course
vyzkoušet,to try
nepřítel,enemy
seznámit,acquaint
koukat,to look
zpravidla,usually
hrozně,terribly
Miroslav,Miroslav
vydání,edition
km,kilometers
zaměřit,to focus
čínský,Chinese
omezený,limited
Vladimír,Vladimir
internetový,internet
viditelný,visible
seriál,serial
svobodný,free
částice,particle
víc,more
uvnitř,inside
popis,description
vzdát,surrender
onemocnění,disease
díra,hole
naposledy,last time
zásah,intervention
kdykoli,whenever
přiblížit,to bring closer
projevovat,to manifest
váha,weight
útočník,attacker
břicho,belly
stihnout,catch
sluneční,solar
povědět,tell
podivný,strange
podpořit,to support
komora,chamber
sbor,corps
představení,performance
Afrika,Africa
symbol,symbol
jelikož,as
planeta,planet
příspěvek,contribution
nábytek,furniture
architekt,architect
výzva,call
Robert,Robert
udržovat,maintain
zamířit,to aim
náhodou,by chance
skladba,composition
zasmát,to laugh