date,title,link
2026-01-22,Dow jumps 300 points as stocks rebound for a second day after Trump calls off Greenland-related tariffs: Live updates,https://news.google.com/read/CBMid0FVX3lxTFBaNVdVOXY0a3FTYV9EUFZFX2JyblN2MlpXVnRYbFloNjFfaGt4UWIyOTFrNU14NTdQTEdaT2d1bE1uenQ1ZzdUUjcxZnVaOFQ3TzY0QXJqOERFLVdEOTI1YkFRMHI0WXZiWXExei1FclhmZ3VWTkVB0gF8QVVfeXFMTmZxY2xHNW5HVjRmUUp0VUdFMXhCMERra09YTnF5elZMYVpkUEQxaUdLbE9sU2xMQnBRYnhqSXcwcVl6WWJKazlyNDlzcTQ4VUlDUDBmZnRXamc1d0xBN2N2c0I2Wjl5bTF1Z0VsbW1XNnRFcVd4Q0YzNUhKUA?hl=en-US&gl=US&ceid=US%3Aen
2026-01-22,"Stock Market Today: Dow Futures, Global Stocks Rise After Trump Tariff U-Turn — Live Updates",https://news.google.com/read/CBMihwFBVV95cUxPbFZXRXRnX1JWOHc3UThLUUpKMVRmUkc3UUlQMktQOFpvREhUT2xlY2ZIWVhTT09jRWZiNm5BMjc1eDJMaUY1OUFNOU12UVFNY01NNnhqaFNlY0NraWdrQTl2OVBiY053eEZpMjhxRUttdHVlZDVaVkp2eHJWa1FkdnYtV05yNlU?hl=en-US&gl=US&ceid=US%3Aen
2026-01-22,"Stock Market Today: Dow trims gain, S&P 500 and Nasdaq advance after Trump’s Greenland pivot boosts risk appetite. Jobless claims steady, with more economic data and Intel earnings on tap.",https://news.google.com/read/CBMi0AFBVV95cUxQeHRwelI1bFNSZ3VVOEdlSUhkQW01LW9uNFhoUFJxSVFqRjJuR056dUNXa3I5UVdYVm5YaEk5dG84cGxNeXNnZFA5UF9SZm1WbVpWdXo0X0RHbW1BaUlWX0lzbkNfbU9JQ3Izdms2aFItZkhoQ1VIR01FQkFkcnlKSHhWN0dSUG80S3R3M0JzYjc2eTdHcWoxbVdXYTFkUnRsTXBQdzVxSXp5TTQ4MEttVzNVQmJlNF82RFpSYXE4YmNsc04tVXVydjk3OG1iQWQx?hl=en-US&gl=US&ceid=US%3Aen
2026-01-22,"Stocks Buoyed by AI Winners, Data as Geopolitical Risks Fade",https://news.google.com/read/CBMirwFBVV95cUxPMEN3bl9JSUV4dEJXbkIyTmZkU2NqY0JVSF9VdXRkMTBBUW5BanVQX3JVWElvY3hjdWgyQVNuX195TV9XdU1NTmVSUjJRNUgybFlZSVM3dGFidGZ2YUxOZGo0ZklmTzBiR043aHROb2diUmZJQ1BYaC1JRDJmcXJsSjZEb1Rkc0plUmZqTXRqTlotVmEwMDhGc1lNYmdMOUkzT3V3SVRieEZkblBDQldv?hl=en-US&gl=US&ceid=US%3Aen
2026-01-22,Paramount Extends Deadline For Warner Bros. Discovery Shareholders To Back Hostile Bid,https://news.google.com/read/CBMingFBVV95cUxNOExfM3d4MW1qVHZqMzhjZmlqQ1NtZkdydkUxLVR3SG1HNS1tNTZRNkg0YXhSRjhrZ202N1pEZTlzaHIyQWFoVEMyN3dmV1EwY3FmMExha2MxZlRYZHVqbGtZQzBtTzFNbzNJZmJwM3lZa3BoUHlGbGJ0RlJveHFsZDVIaEJvZzBWdHJXM1EtLWVVVWpMbUtfLUJzYlVBZw?hl=en-US&gl=US&ceid=US%3Aen
2026-01-22,Paramount is betting European regulators won't approve WBD-Netflix. Here's how it could play out,https://news.google.com/read/CBMihAFBVV95cUxNUnpHZXlTZDMyVHBRcjRFcEZhQnRuOTg3UDRIdVowblpYQTJHaVFJMTdnS0hNbm5TRjFuTUMzU3VxV0ROeG5HWjZzQ29WMGk5M2hvcXZMNGMzLXFlZmdtUjFpdzgwOGVON2JoaWJMSy1aX0hBRDRGNXpWdEt1bERDdjBzcETSAYoBQVVfeXFMTlVMaURubnVJUmV4dlZKY2ZtTnB2czFQYzZ2ejhLTmRzbjhHSy1oU2VxRTJmS0VXS0w4Y1ZRd0hkSFBRMjZCdUw2S2tDM3ozb0NEX3lOcy0xRGxiT0lQb29xMTJFZm1OWnlVNTg2cDhZelA2aHlGbW13aFNlUnY4ZjYzQ2Uwc0c0ZXNR?hl=en-US&gl=US&ceid=US%3Aen
2026-01-22,The battle for Warner Bros comes to Brussels,https://news.google.com/read/CBMipAFBVV95cUxOcm1zc2p6VjVHQktWbXZFaE5mS1VmY05teTRPcTJ0WWg1S21lT3dlSGpJSHNlOWFuWFBYU2UtcEdRSkFZeldQMTl2c0ljTVlBNXFnOGw5LVZ2OUk5Wk1ZeHg0QUN1cU1fU1ptcVRYajBSTGVwOEI3emZZY3B3endubjlvRnFYUjBOMlBMTVV1MTZkeEllRFBWZ0NyTkthMEpKUDZRQw?hl=en-US&gl=US&ceid=US%3Aen
2026-01-22,"Paramount extends its deadline for its Warner Bros. Discovery tender offer, again",https://news.google.com/read/CBMijAFBVV95cUxNaTYxMVVOOVlUdVpNTlN1STRvaWRrdVF6NWVGNkVKb1czQWQ4OTB5MFdRMVYzbU05bnNvSnJPNi1VM3BWcnVDRlBwR1FiSUhLaGx3Z3YzbHNQYXd6YmJBMlE3VjVoVkxFMWUzdnl2SnlzNU81NTEwdU4wcHMwdVM1WlVmT19UNTBWZl92cQ?hl=en-US&gl=US&ceid=US%3Aen
2026-01-22,Five takeaways from the US Supreme Court argument over Fed's Lisa Cook,https://news.google.com/read/CBMiswFBVV95cUxPRzNFRl9KQnRRT1pZd2NOdDZOdzRqcmNVeWlJYlRCZEVWYVdOQ0xtQ2FsWjlDcjJsdEs1bjJZeWwxeHNlcTBpVWRZN2FSdnJZbjZhRjc4REMtNnY1OGlhRzNNRFk3UHNDZFp2dE5hVWtJMUtVMktCZWsxajdkelVfUzg2Z0RqSk92NGtpTGpnWmlsRjZTTmdLd0FCZzNOTHBfT1dfdGtLdUwwSHFYMklKZDBCTQ?hl=en-US&gl=US&ceid=US%3Aen
2026-01-22,A rare filing in the Lisa Cook–Trump case could sway Supreme Court justices,https://news.google.com/read/CBMioAFBVV95cUxPOThfOFU1dW1kVDJzbHlHb0tFMzhaWThzbktyb2JlcHp5SDlzMkRfMW1vT3draVB6bmxRU0hyNlJIMTY1bmh1NEZDQTlCOHJkQTVHeEc4bnBiZ2lweTg0LUcwWmJ3a0lZaHZDTDBnR2kwYmowTDZDQzVkQ0RaeENxS1NFYmhrUG50TmZXTDZKOUR4dkpJek4xUUxMNnFuXzBa0gGmAUFVX3lxTE5ONTJHNnBwSy1yZTJGdkhnOG9rdDlPMVhOclBkOWxaV3RSRGI1bVBxb0NUSGw1bkw4V2lpTmE0TWtVQ3A4akRneE5rM1ZDeXZFLWRLYW9ad1VnNjRpbm1XVHpjVkwzaUFwRDJMelJ0SjRoQ29Ed0V3SzNjZE9iT1ctYmdDWE9vVmRRZXBUaDh6QTlHNlR6MXpvaHFSU0V6eUhtWkFHVUE?hl=en-US&gl=US&ceid=US%3Aen
2026-01-22,Supreme Court Doesn't Want to Break the Fed With Lisa Cook's Firing,https://news.google.com/read/CBMivgFBVV95cUxNUmgwNWR0YjFoYVh3LTZsZDRiYndndm0tOEhPZjc5Q0hUTjYwdlNLTFhxSEtQVS1YRDR1dG9VdDNoNW9NdkpNbXV1cmcxWXdBODhlTXhrZXVEa3BKZjFDZ1JmczVsTkQwM1Z3dVotZWxBZVpsR2NEeGNlSURsSGNKZ2hrS0N4elBITktGRUoxenRBNGE0d1pxRmRyc2g2TnRLS1VNcVZ6RTBYLXBKZnJmRkY1NDZhRGFac2x1VnVB?hl=en-US&gl=US&ceid=US%3Aen
2026-01-22,Supreme Court appears likely to prevent Trump from firing Fed governor,https://news.google.com/read/CBMirAFBVV95cUxPNHhTZVRfUVZpdnMzc0djX3hEcndpaEtXMlVUMVdQOUVSWDRoUXp0Q1dscy1TMlM1Ml9Gb2pJdWtlQ1RuaHV4WE9WUHgwTGd0TXliRWlkTkNqUHBheTZEYlI0VDNxT1k1VVhFNXVNY3Z0Uk56ZUI5U2liWHRydWlyNGMtOW9SRVJYLUZqbEJGdEJteDd1WjlkNGlrZDNKSWJKODBkUWh6VGtjMV80?hl=en-US&gl=US&ceid=US%3Aen
2026-01-22,Japan suspends world's largest nuclear plant hours after restart,https://news.google.com/read/CBMiWkFVX3lxTE5GZVh4OF9kN3R2clVPR0JZVWJ2UUcxZko5QXBEb3ZGMlY3bjlPd2pSMnYyTzFLbUR0WjZ5aFpCV3A5RTBqeGppZnNjcnVPbU1OQXU0a0MxZll3UdIBX0FVX3lxTE5CMzFpODVuaklmRW1UR2MzYWJuODhhMVJRVDk2TmpNUmhkamlOT1B1ZHJhQVN0WWkzazlUUmh0OHBGUjRBUm51MDRXMGJBbGhXLWp0VHZuS2FOdElLX2ww?hl=en-US&gl=US&ceid=US%3Aen
2026-01-22,Malfunction Forces Japan to Take Restarted Nuclear Plant Offline,https://news.google.com/read/CBMiekFVX3lxTFAxZWUycW9nVnB0UTFDaVNISGQtcnlmNzZUTkZRM2VJM2dUTUg1OGJRSEpENkJWcTFFR2ZGcElNdzR6eVlYY3pCRzJsLTRwOU9WQ3BjTWF4alRGdE5aS2tkTFVUSThCbTU5TldSdEpDdFJRMWZEdUNhNWtn?hl=en-US&gl=US&ceid=US%3Aen
2026-01-22,Nuclear reactor owned by Fukushima plant operator TEPCO to shut down again hours after restart,https://news.google.com/read/CBMiqwFBVV95cUxNZWlDXy05MnhkY3Zpb0JnQ19BdUp2UGxCN0pIdFRsaE14al9oM3o2RnkxTl83bDdGUmJLa0dpeUJmUkEwc25TRURYRWJWQm0yRlJyMDVaWlFnRjJuZnJBaDdUcGJGQnp1NkpHVENZRnlOcDUwNlJJOC1oZVVSNVBqTS1PQTUzQTNRZExGZkpERXRiY21BZ3Z2bkhNbmRyUXhpZm9hSk5hUUpqNXM?hl=en-US&gl=US&ceid=US%3Aen
2026-01-22,Nuclear lapses overshadow reactor restarts in post-Fukushima Japan,https://news.google.com/read/CBMicEFVX3lxTE5UN0Q4QmtDTVV3THd6bnRlMFRwbzBndlFTRkJ2cGpRa1doRmRZMlA4SmdpOFowbElVWFU4V29ZU2hsZE1weFo0S0Vqa3BWWThSdVpHWWxyblhkbnpvNERzUlJWeTNEY3FDYkdJQ0NxV18?hl=en-US&gl=US&ceid=US%3Aen
2026-01-22,"Gross Domestic Product, 3rd Quarter 2025 (Updated Estimate), GDP by Industry, and Corporate Profits (Revised)",https://news.google.com/read/CBMiswFBVV95cUxOd3NKSWY4WDJmYVU0NkRuTDhYTU9leHgzRXJFWDQzMEt4d3hRaHBWalZUczVNQUl0NkhqZlpwazRSby1GU1hFUHNXTHJYSTIzUnpYOVdLLVZhUGVRSWpQQ24wQVFLYzdUS3B6eU1zcnJ1LXF5b3VaZThDTkZ1NG4wX19tMjFyYzVxN09KUHlhNnN3T3lxZWZlZFdBZGUyd0dURGswV0Nza2FRallqU0tTUWE5dw?hl=en-US&gl=US&ceid=US%3Aen
2026-01-22,Updated GDP Data Confirms U.S. Economy Remains Robust,https://news.google.com/read/CBMi8AFBVV95cUxPb29Jc1g0dUc2OFlQYnBSX0RqN0NSNHBDMjNZT21vYjV3Y2JkbTM0dUwzUVl0SXRhZmo0VXNoTkRaVkwzR2lnakJBM3VKdklMMVVwd21kYzJfMGliUlcxdmJublBjMmVDRUpJdHhGNW51Umk4RFlyWkV3Unp0UzlzZ0wxd1hNT2hwTGhIUFkyN3ZMbXBucGtBV2RHZ2FzOExFRV9qNFh1V2Z3bkp2Unk2SUpCWVg1eFNYa1ZJX2paNnBmZkdLamZ6LWtIWmpmNjhhYWRKRGNpQUxqbW1Qbk41c09DVzM4aWJ4a1I5Y1VSbTk?hl=en-US&gl=US&ceid=US%3Aen
2026-01-22,US third-quarter economic growth revised slightly higher,https://news.google.com/read/CBMiowFBVV95cUxQakpWTVJiMmhCcU8zcUozR3lEck5MdzNkT2VqMmwwUXF4dTBmd010WTVKdE44WUZjUjRTY0NmX1kwdG03VHJSRk5YVFdXZ3JDNzVUSlNWVHhHaTVOOFYtZ0VLekFKVVpzQTNRZTlYYUR4aXg2ZXVJcUZVeUhOQlh1WkU0anVQQjJKNlN1THFrZmZMbldQcnJVb1M0WDVjWHVYVE4w?hl=en-US&gl=US&ceid=US%3Aen
2026-01-22,"US economy grew at fastest pace in 2 years in third quarter, fueled by consumer spending",https://news.google.com/read/CBMibEFVX3lxTE00d0VaWjk5dDRBeWZ5QW00TU9FS1VvNlJGYlFNRU4xNE9GR1hjQ0hZZ0RWUU50VkxLQlpOU2NfcjUxMUxkSEtxYnhGM0YweWl6bFUxWFg4ZUJBa2p0Z3h2QmEzdTRSU1dKalZqR9IBckFVX3lxTE1oWWZtZ3BGZzFiWXBDRkY4enl3a2s3eEtOVkRneGNaSmxxYXFheHNXdXlybWRyWnc5Mi1NU19FZVQ2dnM4S0ZLN21IOW5DQ0R5c21jMS1laGRadEVXSUdVbjlucGFranJGdlhmWGM4RzI5UQ?hl=en-US&gl=US&ceid=US%3Aen
2026-01-22,"When the ultra rich hire family for their private investment firms, what to pay them can be tricky",https://news.google.com/read/CBMiekFVX3lxTE9JNDBVREdQZ2w3cEViVmxKSU9kWC1PV1NVcHVYbnRiMUxOU3lTVWY0S1Rsb2w1MmdFdTZtXzduTzlIWnZ4em5ncUc1Nkd0UHh0TDRabmtHT0poYmxWNlAyTS15RUpNNUNzdEJ6LVNlQzAyYmNaNEpzUmtR0gF_QVVfeXFMUENVOE1HTVJGVUp3VWZ4bE1fR1J3dG9SNFJVN29kWHBFck13Q0c4YVRFaHBtVGlpdzZxemNPMDN1Mng5N2hPVmwyTzlqZzNreWFGbnBsX212dVhTcmRCOE9idTUxQ1U0M2gwUFlQOTRSbDAtc3ExdzlqbE5FbDFxbw?hl=en-US&gl=US&ceid=US%3Aen
2026-01-22,GM to move production of China-built Buick SUV to U.S. plant,https://news.google.com/read/CBMie0FVX3lxTE5STDV0LWYwMXV0bjdDbFNmelZBY29lRkxMSFNwU1MwRG1DSnNEVm1mTzk0Unl4a0tYSWNCNDNjdDExNURzSDgyX2U4V2xjRGlxYzlpcHRJR3hLVnVYNnlmQ3VsRjBTSnJPSi1TSFpBSzB6TXE2X2ozZ1hYQdIBgAFBVV95cUxNUkRTQ296NWNtLTlaNk9OQmYtbTlMR1Qydk9TUHlYNS1GOHVHLThGRXZjLU5IdGQwM08zVXNoOFdVdjNucURHemN1TkFLajBCRVJqNlB3VFhPaGpzTVp1bW41NzA3ME96T0JhTmZhdlhCVkVDTndrVWtvRWN3UUVUdg?hl=en-US&gl=US&ceid=US%3Aen
2026-01-22,GM to bring China-built Buick to US,https://news.google.com/read/CBMimwFBVV95cUxPN2hFV1c2TXp6WjJ4ckVVMTkwNUt1ZG94S0FkbWY5WTZ2UnMwc3dzdnIzR2ZNM2s1eGVpODY5U0xhNXR3emNYWHJlSTJieG9ydUx6U1Rocm9YdHpad3E5WUdueWVOLWZZdDJQd2NiTWZHbHhyZFpTWVo1SmdJa3BYT3RqdXhrNmpzMVBpcjBUVTU2VW1hQTNDSjJ1RQ?hl=en-US&gl=US&ceid=US%3Aen
2026-01-22,"GM Reshores Buick Envision Amid Tariff Pressures, Eyes Kansas City Revival",https://news.google.com/read/CBMiowFBVV95cUxQbVB0SVFqVTN6dndVaTMwVnlxZkloS05JQUhNaVZrQTZkVFlFWjRyY1Y4QmcyMzE2MXh0Wi1mbUY5Z25seFB6cGZOM1lJQVMyTmhMeGxhWnhSVWduaVdXODNDeXRUWmdhNVZHZzNTZVd6c0FULXIzVTRnUUM0WG9iQ2dORzgwc1E0S2FJVXpwc1pDaDhKaVE1VnZpLUJCNGI2VGVF?hl=en-US&gl=US&ceid=US%3Aen
2026-01-22,GM Shifts Buick Envision Production to Boost U.S. Manufacturing,https://news.google.com/read/CBMiuAFBVV95cUxPbFBlYk1qWVVXQ3RHUmlfZkpwTDVvR1ZER3RKSW5lT19HUDBodnV3aXp0d2xUNFBNSzQwcGEwaWRjYTdjX29EanJOeXhsR09oTkNWWmRIaHd0amt5X3pvTkhoaHdoVDZXZVBTcGE3OEFJZC1zZjlITVFTVC1FWDNVM3k1NmczTHBlN282SGRtaF83aENuQzlIamprb00wNkJHZ0p3VGQzY0pncTlMTDN1Tzgtd2tsTzlI0gG-AUFVX3lxTE5Vd3pRYzJjWFZ3WUdCZ3FqSFRQOUp2WWVzeTdtRjBvRC1VMWZ1dHNlWXQzdjBENmpLeFZrRlhpUTdQQThXYnd5eXBOaWtoQU9vSko2U25pUEpmMVQxUlpMU3QtME1ZRzZHYXppd0Fvb0gxS3ZReDRTU2NwY1kyLThiMnNVOWgySC1kQXVpZkxWbEtQbHlrcThXdmR1T0RKXzh3MHQ4TmllSHBnaWhfamowbndFaHF1SEpOa2ttZFE?hl=en-US&gl=US&ceid=US%3Aen
2026-01-22,Jobless claims point to a more stable labor market,https://news.google.com/read/CBMimAFBVV95cUxPT19VajZjZGxJQ3h4ZVVSTUJsSmtKNUZ3M3V1Uy1HWHVrWWJSbm9lSVBLenAyS193SDR2eXRCQm5sTzU3OFZXVXR3ak56UzJMcE5pX1BMeTIyWFJ6OTVfTW1XWmpMcVdxdFZteVhpZzdDblgybDFYSjNuamU2c25yaUxQbzlwZDY4b3BpTXRVODN0R1lIRl9EdA?hl=en-US&gl=US&ceid=US%3Aen
2026-01-22,"US Initial Jobless Claims Steadied at 200,000 Last Week",https://news.google.com/read/CBMiqgFBVV95cUxNTXB3bExvWjUtU01xODBPM2x5bTNXTEx0QVRJNDAzNEJEcHFXUWZaYl90eEtMWlRWaWJETmRUeVEwNUdTeVhCY0FlR1hQNHZUeWxIczFfdnJuaTRPN3cyVU42LVdBTzB3WVZvLUtlQ2xtQUhRQWliMTdTR19Uc0MybDFtQXhJZ2t0R2JvVXVwMDlOdFYyMXJMY2FhX3VudVpWWGxxNnU3MmhFdw?hl=en-US&gl=US&ceid=US%3Aen
2026-01-22,"US applications for jobless benefits inch up last week to a still-low 200,000",https://news.google.com/read/CBMihAJBVV95cUxNWFR6dHVQTDZlemFxcGFLLTJhOE91Nzh0dFJnb1hoeG01S3NWSGE2dGJwT0lRZHJIU3hpMmZGYi0ycjE1RndKWkpGdjQ0WjFJb3NqOHc5WXBPUXdfR0VVNWFwZXluUDBtUnd6My03N1Y0YTQxbFd1aUd2TW9tTjMwaHRrUDV3TkJ2NmZPcERwLXBXWHozNjlGWHZIOWMxaHAxRlN1VHFHdS1NdjRJV2pRY3N4UFdfaHFvZXg4Q3FqM0wwOHMzdmhJYS1icTMtcDhvbE55cFRISmdscjhoc3MwLUV6aGJselhLeTl4T2xyeWdwNDlYakE0VWViOEkwamxQR0FXbA?hl=en-US&gl=US&ceid=US%3Aen
2026-01-22,Dollar hits six-week high as US jobless claims unexpectedly fall,https://news.google.com/read/CBMiswFBVV95cUxPcFhlVVBpbmQ0TTNpQ1YzQXpFOWIzRzVxOFNYa2czUWZWSFlPZXZROFFzcGRoZ1VrR2tPNmpVWnYtc0VsRWo0VXp5V3E2cy1nMXVnc3hFVlRTeWw0VGdHQ0RmeGN4Qm1GSjNYdGtCX3BSWlA3RWNJZjZDRVRYN2YyZ1ljUHBIV0k1b3hNTDkwaE5TYW1ZLVJVc29neWJpUFBLTkJzTEZsR0xMQXpGakRiT0tDcw?hl=en-US&gl=US&ceid=US%3Aen
2026-01-22,"Procter & Gamble earnings top estimates, but shrinking demand weighs on sales",https://news.google.com/read/CBMie0FVX3lxTE0tUGRjRzlwR3d3V2VVUnYwZ0g4NG51WFhxalppMWszNFhaUkpzODYtU0tqVktyclBrNktsbU9kLVpyWE1aSDdpSFhZS3h3NVBENWFpbktQUnp5ZnNVTEtTUUU3MFcyb0J6dERiMW1Gdmc3cDhIVEl5N3JtQdIBgAFBVV95cUxQeWs5QktDMTJQVmdOUnFPSDRROVVzcmN5LVJ5Zl9sYmdDdjJ1SnAwTWVuTlp1OFctdkttNmkxRnZ5SVVrNFZsdHhLR244d2xsd3U4R2FOcXhRVlE2QkphbURoQUp2TEpjRThwcklWRENlcWR3M0V2Q2pYdWJSQ2EtRQ?hl=en-US&gl=US&ceid=US%3Aen
2026-01-22,"Procter & Gamble Revenue Ticks Up, Helped by Higher Prices",https://news.google.com/read/CBMiogFBVV95cUxOVXN6TlVjRTR3Ri0wblFkbEtOb0FhQWplNWJ0WlRaNlNXeWFYYVI5RmdfV0FsX25hX082VkZ1eS1JT2lJM001YWNZYXB3MWxnWS1FODRQRUhOYXJ3MGNXUHFLZ19YNjBBWW1NRFQ2bmtJaG81TDVhTWxWamd6cnpIaG94UnBlNEZjVC1QLVNtMEFNcUJVNnQ4azJWakZ1aWJRbGc?hl=en-US&gl=US&ceid=US%3Aen
2026-01-22,P&G Growth Stalls With US Government Shutdown Hurting Sales,https://news.google.com/read/CBMitAFBVV95cUxPcjhSajFSZzhZX19rdndBUkgyYU5RMlcxSHhBX0loWUhpUDAyVHVaQTI0V0ZHRkRTS3dQOFpZSUc4VFJCTUk3VlNBRHVyV21FTENRVFFLSDVHT01BQ0VYMmVacGU1cE9CN0tKZk5DWUpOLU1RNkhGS1c2WVZkc3NSbWVQVEVERVNqUGpZMjRkRjBKNzlXR2F6Xzk4QThBTjdEdGl4MVFBOHB3a3NQWFZjTmM1dmk?hl=en-US&gl=US&ceid=US%3Aen
2026-01-22,Procter & Gamble falls after warning of challenging consumer and geopolitical environment (PG:NYSE),https://news.google.com/read/CBMiyAFBVV95cUxOX2x3cFY5Q25nVmttZWUtLUk2VGdWM3Ixdy0zeWtfTkVMdmJ5S1lHeEZaR3UyMjdubzZPVnY2STM4WkFheDNMbTdZSUZBODNkLWF0OEJoZ0tVR2dKYnQwUjVpeTd1ZkZzbHFmeFd1cUZndWFiLVYySENXdXh2bVo2SWNZakdtaHNiaWZwNHVRUE9FNjZjR19FUklBeWhTVnJJajUyRGpzSGgxX3U4WGU0ZngwekRPc1JpRTRsNkNtUFVkS0xsekRZTQ?hl=en-US&gl=US&ceid=US%3Aen
2026-01-22,Elon Musk to Crash Davos Party,https://news.google.com/read/CBMi0wFBVV95cUxNQzVWbl9jdzNSTVR5dlZDMGlrRUxzV21GZUlQS0RETXdVWkdQRVB6bUEwSm1kOGZlZk1fMENxY0VvT3l0OHVjR2M1cGdQekpkb24wY3gxSHc4TWl0dlVHdDFXMUU5cFpBUnpRdkZEcTdfNjlxQWE1aHZDR3BEc2JwQ2t5NmxmUldvZWFmZjFOMnpIODJHVlZFbHF2UGc5bVRjcnZhSHhyV3ZSWjJGZmVPcXlXMXdNQXJhZXpyV09XbWtBeEhHQ3VpVS1tSEJWSV94ajN3?hl=en-US&gl=US&ceid=US%3Aen
2026-01-22,Musk to attend Davos for first time after years of criticizing WEF,https://news.google.com/read/CBMiggFBVV95cUxQM2Z6bHZSNDQyVng0cnZnVG1faDhUczBKVWItQXM0eUE3c3R0LTZ0ZG15V0pvYVR6eUF5T201eFZjQnlEM3RHWkJ2ZnBFWGRGdUZiSXMybi1ja2VuaW9obVlKNjFia3k4Y1A1U1kxUl93dzh2TXB2TjhDbFNuVS0xdzVB?hl=en-US&gl=US&ceid=US%3Aen
2026-01-22,Elon Musk makes surprise Davos appearance in striking reversal,https://news.google.com/read/CBMisAFBVV95cUxNeGRWY1hOX2VPenFyQlYyQlNTQlVzNFNuakNXSl9FUlBzelQ0UXdqMUFlVWJTZVZKSUMxV1gyLURaWWFnTmI2bmJjWE8wWkFPa3cyUXdBdlotVzFxRFpXVjU3blVnSHd6U3ItbmlWZ2NCYks2VzFmTlo1RXJTdFZFZVhuWlpfV1h1ejRRM3lnU2pVVjR2dHlybEthbGpJaWl6MFl0WWR2NERPZ0VUYnl4Vg?hl=en-US&gl=US&ceid=US%3Aen
2026-01-22,"Live Davos updates: Musk's surprise appearance, Newsom's Trump spat, and post-Trump reckonings",https://news.google.com/read/CBMi3AFBVV95cUxNSEdER3ktYm9xcHR6c1c0U1U1Zk5sSFh0R2JXcmpBWlpNZFRNTDRVMWZuS2p3MUZXNEphbUhnaE9UWkIwNWF5SmU5TWNpaGk4YjIyRHJmbjB5YWxDX2NzU09MaTV5amNMNkRtWXNvMXdRN0tsSkNGVENzcnhCLTBFWXcyeTNEVzhFalJaWWp4dG9lVzRwMV8xb0ctMURMMTRjT003NFFWYkJ3Q3RtSUJncWc1T2h3Nm5UanREeU9QakJaRWY0ODVuc1FPaGV6YjB6MVdLZUtmUVlvTDcy?hl=en-US&gl=US&ceid=US%3Aen
2026-01-22,"Trump credit card plan would be a 'disaster', JP Morgan boss warns",https://news.google.com/read/CBMiWkFVX3lxTE5FRjYwM3MtSm1kM0tlUjJTR2hxVG5tNG5UYW1RdVFhREVmRndlSl9JNGQ5cVVERU5QYlpqV24xSVRKcnlNRm9uU1hsS0d4OElYOFp1NVJCeHk2dw?hl=en-US&gl=US&ceid=US%3Aen
2026-01-22,Jamie Dimon says U.S. should impose Trump's credit card rate cap in Vermont and Massachusetts,https://news.google.com/read/CBMingFBVV95cUxNdE1tZFpsVzhjSmQyR0M3UURVaVBoTDhJeUtqTS1rNWl5c2tsRy1rdkV4dWpqWi1ucnRfbVdKdkhYVEZCbkhORTNKakxkLXF0bEI5NDAxem1uUk1nSTdBaUNvbFFqenZRYko3M21XeW9iNTJEUEpjeGh3TXJGNTJIR1lVODkxdmExY1ZWNGkwLUF6cGFTd2hWcHpsM0JpUdIBowFBVV95cUxOTUdTUDh4Z1FlWEZWV08ybjBxaXBDRENqd0RBUFFKSnZwZndTSEItak1QQncwcWJsMVVrMUZzdFZQZ3RvRmlobzRGdHZnWUZMa3pmRnBINlhTeHRKOW9SWnNCXzdEZ0NTcFpYTkJmNUN4eGZMUlZYNEtobUZBLUZkOTNmTnRWU1IzR0xpRmlOWGY5YWY1VXJGOGxNTTJDTXNkWW5Z?hl=en-US&gl=US&ceid=US%3Aen
2026-01-22,Credit card rate caps are a socialist trap that will crush working-class Americans,https://news.google.com/read/CBMinwFBVV95cUxPeGRVc3FmNzVtT242VlhYT1RMRUxFTF8wZzZaLUI2cExiU3RNOTNYT19tU3piVFBtN1l3MnUxWm1KYm5rX2lCeE5qOGF4cDFqMnVkUHM1djVlSXk2OEx0a0RZZGdSTWNhNDFzdmNtdDRBUURxbE9QYzZYRjFIc2VlSWxuUURZUHJhYnlPRzRsQVhzb2lac21jOHJYWWc4TWfSAaQBQVVfeXFMTV8tSWJMaENkYndWbFNyTUY5TFBQamNzNFFNNlhtR3JYWFRtLUNJNjBSa1pUV1JWOF9sdlQ3TXgwbzEwdktkMG1oU3Q2bkRidW1qRGRjRTNsT3VmbmpUQVA3SnJBdFJyMl9QXzROTEdrMU4wR1ZlbG83V3E2Qmg4cXhfSEJLRENFR2xRNlpmZ3NKaTZiaUtCbGRmTjFSbldVVjd3VEI?hl=en-US&gl=US&ceid=US%3Aen
2026-01-22,"Jamie Dimon rips Trump's credit card interest cap pitch: ""economic disaster""",https://news.google.com/read/CBMie0FVX3lxTE1MNUZKOV9zSXk4UjJBZ0NWS2llNFlDZnZOUkRsVU5rUUFPN1lPUXRzMWtDcGUwNW5zRk9fQjR4LUl1RTF1QS1wdmxvdkR4aVBRaUZtQ2FYUnYyZWNGdEY2cGJxZDh4cmtkaGNyNVFxQm44NTBJOV8wQlV1OA?hl=en-US&gl=US&ceid=US%3Aen
2026-01-22,Spirit Airlines is in deal talks with investment firm Castlelake as struggling carrier seeks path forward,https://news.google.com/read/CBMif0FVX3lxTFBMd2VDWXdtZ1JPY2dFSXJDVHo3Vl9TZlctUFpjSzBrV1ZYenVnUk5lT1o4TDUtcXFYdm02VEtNX1hIMUhicjJXc2EzWGpuRVpQVk9STVZfb0dXd1NoY2NMYnk4ekxjbGhFdWo0MldIVkl0TXNkQk9zQUxGem4zRTjSAYQBQVVfeXFMTWlWWnY4VTE5TjhleVY2aThfZzZzZFgyM0ZFeUthRkt0QWdKVldyVWJRS2hNTHc5VkotWGYyeGhPSDRkazIzcTdNakp1TkFYZ0F3TWlwX2IxTS1saUNYNUNkM3dEeUI1S3A2WE1mV3Q1STNxZlRHdVBadERXRG91SXlvMXZV?hl=en-US&gl=US&ceid=US%3Aen
2026-01-22,Spirit Airlines in Talks With Castlelake About Potential Takeover: Report,https://news.google.com/read/CBMipwFBVV95cUxPWmFtdUd4cXpldE15WXdEMzdTRFJFTllCcDZsRmNXNGkwckN3T1l5MU1lSE1XbExEV2psckNCSXJNQU5QTE9fWGMxbjJqYTZVMzlXUWJLSkR0YzIxcmJoQW5QMFg2QlJEOEhrV2QzemRWVUNWSVRhWkwwY0pSNVA2M0NHc2R0TTF4c3ZYM1dBR1ZvN3I2V2g0YUhsakxISXdSa1RmV3lRNA?hl=en-US&gl=US&ceid=US%3Aen
2026-01-22,JetBlue and Frontier stocks drop on Spirit Airlines takeover talks By Investing.com,https://news.google.com/read/CBMixgFBVV95cUxOWlRkSnpDTDZkcXppaHBXVlBPNUczTkxkRUY4U0FCRTR2a0dYNkRpNTBibVg5TTA2dGN2ZW8yc25CWXJPTmgwTnYzN0xpTDNIMWJfRDFaSEs5dl83X3paM1MwY3ZqRC1Vdnc2TlNwYm9iNHB2NHZ2UEQwRDVOUFg1UXZpZ1FzQ0pwQl9pMGdRcGZLSERyYURsR19oOEU4LVV4cG9BQkEtTk5DcmpJa0h5RDYxdEM4dklfMUlYTkp1WFk2MFFnc2c?hl=en-US&gl=US&ceid=US%3Aen
2026-01-22,"Spirit Airlines in talks with Castlelake for a potential takeover, CNBC reports",https://news.google.com/read/CBMiywFBVV95cUxPYTZuZllIVk42ZjJMVGZBS1d5LUVXa05FRHBMU0ZCUk9NWEprc1otczAwUm9yeDlsaVA1Sl82Q0NzeXJCU3Q3QVpxSk0yMjIyMzc1R0J5LW9vY0hicm1EX2NiWERQNS16MTVVWW1XNjVWSXY0dktEekRsNkpremU0WnozY2hhNFN4UjE5TndvbmhHNktNY2xuUHZIRlhrYTFnaEVSX1ljOTk0dHEtZF9RX3MyRGJyYkNsbnpRSVpTSHNUa3c2bHdxMU0zaw?hl=en-US&gl=US&ceid=US%3Aen
2026-01-22,Ken Griffin says bond market has sent 'explicit warning' on national debt,https://news.google.com/read/CBMijgFBVV95cUxQVnA5bnVkQWw4Uk9BT3B5ODFsb0xiWlBTTFNCVHpMNzd2RGhZMmdJZ1N2Y1E2djBnUkM0dVNnZUhpTWJqVEY1NzJPbzEtOHdvNVVfVlNXUWc3eHRJcHNqMl9Va2ZMdHJMTnVHOGZWU1JjNnhnblZlcm04Y05wRkYwRjRsaHdDQjRRS2gyNHJR?hl=en-US&gl=US&ceid=US%3Aen
2026-01-22,Breakingviews - Japan's PM is entering self-made fiscal trap,https://news.google.com/read/CBMipwFBVV95cUxQZ19KWUJWX1AyU1VySVNlUy1hdmFUQ19jZ3R5WmxxWUU5NXVrLTRQU250NTZyM1d5ZVE5Z3dRYzlSUGk5eEtSbDNHXzZVaVNQUnFwSF9mYnBQX0pJUW81SG9xaFQycTc0STg0V2plQVJwSUlTM1hKMUViRDgzd3JHbzFOaWZTZjdaZDM5Nm9WM01nWEZlRmdCUGhJRmZiSHdPV1A4Z2gxOA?hl=en-US&gl=US&ceid=US%3Aen
2026-01-22,What The Japanese Bond Crisis Could Mean For The U.S.,https://news.google.com/read/CBMirAFBVV95cUxON0YybkNTSGJod2VUbkNaUjRwT0M1UzNSYzluemhqWmVxRGowZG5oM25randFc2lUV3ZQc1JWOGI0OHV6SzNYc0xOUVhBRUloT1hxNzRzdEV3ZlhjTnM2QVFiaDRxaFN5dW5PZjh5NkM1TG5jSlRObzdwc0NGd1dubllJc1Nld29IM0F2cUZpTDJvRzhXT3JUYm9sdHBtSHZIMXlrbjRsWU9GZmZR?hl=en-US&gl=US&ceid=US%3Aen
2026-01-22,"Trump tariffs live updates: Bessent brushes off Danish Treasury sales as ‘irrelevant’; Trump arrives in Davos as Greenland threats roil world, markets",https://news.google.com/read/CBMinwJBVV95cUxPYmttU0VDbUtNdXh5TWpuVHRxaVAtNTVka1U1OVdnQUI5WVJyRG1qZFdwQTBGQjFSdndCZVlLT2dIRTJIOFRfVi0waW1aLVFYVjhRVWplRFU5LTBIVVAzdHNkTTVQUXVEbDdleVRUeWNjU0M5Ylg1allaVUpVc0ttXzlDaWpsOVZleC1Md0NUb3hpLWprVXBDbTJ0WHVYVTlXMFdQYVczVmM1b2dyTWNyZ25jZTlld1E1bll6UmFISDkyajhPTGlIQ0VMc1J4TFhmUkZ3MjdMTzlfWkI4Z1VpdHZGdmEtdmVSbU84MXpVeE9jM1g2NmdwNDVDeVdvS3FQN3NiZVdSNko3YnFPNEEwLUpRSENPUnBmM2hEa2ZJRQ?hl=en-US&gl=US&ceid=US%3Aen
2026-01-22,"Volvo EX60 Revealed: 'An End To Range Anxiety', With Next-Generation Seat Belts",https://news.google.com/read/CBMidkFVX3lxTFB6MldSTVJHbHpjVUFpclBzajNsSXVvelVQWktaa0owdHBpZk9zdGcyZkY4eUpCYlp4TWxWVGE5SlhQcnVzaXo3Y1ZEZzlJcE1falQzdmJVYzlNcHB2WnBkTFI4QjV5QkRoTERrR0ZaZVR6SWZtQkE?hl=en-US&gl=US&ceid=US%3Aen
2026-01-22,"Volvo stakes future on EX60, a BMW iX3 rival that is poised to succeed its global bestseller",https://news.google.com/read/CBMib0FVX3lxTE9veXFqcFdzaG1yTGNOU3pWbkI2REd5N2lNaGNmLUxZVC00SFdzVXZNT3lobmpfZmpSSndEcUprR0J3ellJZ21EWnBxWDU2QlcyT2x3X0cwOTRSSGxWVjdNOU9zRzdtbENaaU9fY0VUVQ?hl=en-US&gl=US&ceid=US%3Aen
2026-01-22,Welcome to the new EX60: is this Volvo’s most important car?,https://news.google.com/read/CBMijAFBVV95cUxQYkwyU3IzOUhYRkQ3dmVndnhUT0tvanlfMjgweGxRWmlHZHo3eks0bFduQ1JZWEtNdm5Zc0ZlNmprN21WbjRPT296MmRaaTdoX2hhOWtfWDBQMjdlb25vUXg5dkpVa3VfMU9aZ0lJclh4TEVzY1BXTEFoajlRdGFyZFZfZlV5T0xkZzdqYw?hl=en-US&gl=US&ceid=US%3Aen
2026-01-22,The 2027 Volvo EX60 Is a 400-Mile Electric SUV With Lots of Potential,https://news.google.com/read/CBMiekFVX3lxTE05MFRCMmRxcElQTTREZFBnV2JsYUQxQkpEVjRrTzlsa1lISXp0V04tdlRwbjFVNnJERzlsZ0kyQk1oRjlIQnhuN0NFZVkzSkYwdjF4ai1teGZFdjE0cmdBOW1qdkozczJMdWlhZmlteXY1WUVILWF4aXF3?hl=en-US&gl=US&ceid=US%3Aen
2026-01-22,AI company Eightfold sued for helping companies secretly score job seekers,https://news.google.com/read/CBMi3wFBVV95cUxNUktLUERrX1F0NHNUNkZtRHV0dkFiZGxtSU9XcmxjQ1p5cGxMVV9oc2R4V3VnemlHMWlVS3U2M3NNN0p3WUt6Q0FDbVB3RGIxdWtvclVVQTl6TmxFLXhXbDNMaVVEQWpQc0x5Rm5UZWptMmdRamRZQjRvSktLODJaWGNEbzlOVVdiMG5idURQREduLXRaZGxURmt5RXcyUTM1M2g3S0ZyU2ZHdHc5NEJQWXhmYll6aG53cUZWMWY1U1FSckhHQXMwOGplYjBYYm9qOEZFMHQxaTcyQU5LYzhZ?hl=en-US&gl=US&ceid=US%3Aen
2026-01-22,Trump Threatens ‘Big Retaliation’ If Europe Dumps US Assets,https://news.google.com/read/CBMiqwFBVV95cUxPeGx1bC14NHA0VjhpOUt3b2xKRlJabGhKMFlmVVM1cjFDTjc3cWxvd2diRWZnUzdEQ0dmdkkwOGMteDlJQ3FXWGMySlQtZHZfbm01eHpqZ0FYVUtCLWJ5Slpsa3pJbFcyZzNPT0hCS2NUMi1sdkFzQW9jcS1ETUhlSnZvd2ZiQkNQVWhZbVkwTUtNZ1gzYWN6cDg3Zk5Fa2dKWEduVV9yRkJyY0U?hl=en-US&gl=US&ceid=US%3Aen
2026-01-22,The Leverage That Europe Has Over the U.S. Economy,https://news.google.com/read/CBMifkFVX3lxTFBVSUFNRGFhUXdPa2RWbXZTNjBOcVZQOEpQcl81emZDdUlKRXd3S0FMZVVjQV9hOUJnYlVabEhqdlNkanhIMjhINHBURkp3ejNPbTBiekRrMXNvbG11NDVyWlVGLUh1elB4Wk5iZ1Q5WTE4azVDSVNHbllpNVFGQQ?hl=en-US&gl=US&ceid=US%3Aen
2026-01-22,Trump's Greenland play puts Europe's $8 trillion US bonds and equities in the spotlight,https://news.google.com/read/CBMirgFBVV95cUxQOHN2dG9OQ2JFLUdNQVBLTk5LQW9DMFlYVnJfT05CUmRQOEJDbENjdDhHRUN6UzNBU0ptTldhMDUwaWVUSUd0bmdzODVDNUlEMjZRNFRPTmRoNExQcDhSYnVDNjg3dFlqdktUNmp4VEhLdm91NThKUV93cHF4cUR6REt1Ynl3dWx3MW01MTVoOUlnajVzUlNKd2s0YV9WbDlHdjJOVzNEcDc2QUtVZnc?hl=en-US&gl=US&ceid=US%3Aen
2026-01-22,"Sell America? Buyers in Europe piled into Treasuries in 2025, data shows",https://news.google.com/read/CBMiswFBVV95cUxNWURmTTd3cHgxLU1jQjFYTmFpTWZRM21fTjVGX2stWHNXbDRCWnFlbU1SM1dleHJoQTc0TFhIYTZQekk5UGFJRFdIUXBFZ3owdWFMQVN5SDJqTVdBWmpMczNGVDJKaUVYczNyb3Z1UGNVSEk4OFFQaFNEckZkUkxTMFY1NzhCbnIxMm9Nb2hwSDhNZm5qTWJpZmxFQmlvVnNVSVhGdzY0aTU2aE1mVFBjTzVDYw?hl=en-US&gl=US&ceid=US%3Aen
2026-01-22,Trump pushes for lower rates and ban on investor home purchases in bid to make homes more affordable,https://news.google.com/read/CBMipgFBVV95cUxNMTBSd1BFemZPcE9adGQ1Nl9rejhZekNSQUU0M2kySEpIOElzN2dMMndyWHladkpkcFA1QW1RMEZhNU1LMFdIQjBqU2pHZ1hZWkpxU3A4QkJ5S2ZQTGRkRFp3WjkxWFZZbmhMNllrSnJMNzY0a2ZfdXR3ZE8tUVBCaHlRLVRrOEFYQzBZaldIbnR5VjgzV1dLc2FlQl9aTWpQN2xtUWx3?hl=en-US&gl=US&ceid=US%3Aen
2026-01-22,Trump floats idea to extend business tax break to homeowners,https://news.google.com/read/CBMibEFVX3lxTE5oSV9Ga0kzWnV2QmZHVUhacFRNbFVlT2RGQmJqMm9pNVBCd0xmR19wRFo3bjJ4V0VlYUxPY1ljVXk3c081X2NKdk9nbnBscFRIaTVrUENNUEp6amh6YTk5dlBnZzNxS1ZFS1BnT9IBckFVX3lxTE93QS1Xd3JmakU5Z2tGbEFSaXBGckpTREhlQnh3UUFwOVdMVVVzMjJRd01IeVoyeDc4M2tFWEhhTDJrSXdGckF0U2RfbzdPYjJWbEFvMlhzX1V4VFdqSTVsZUJKYVoxZUx5QVF5WUZxZl9PQQ?hl=en-US&gl=US&ceid=US%3Aen
2026-01-22,Trump should abandon Democrats’ push to ban investors from buying homes,https://news.google.com/read/CBMihAFBVV95cUxOa212SGdGbnBqNmlRa09UaTJGOG83Q18tb3pQWi1zV1BocnZneWlsWXFoWXFnS05iWlhHUkxKX0dkT3JTNzYxelhnekFHSlNGYjJoa2ZiaGJ4d0ROMlpYYlIwa0FGbXZjZGJXLVZWTHFJX3liS25manh4VXI3Q1pESVNRd1LSAYoBQVVfeXFMTWlOR2VwQm56a2s4MVQ3YjhMOXVLM0dfQi1HU3llSngwY1I2c0dpdzRaZ21MdW1GcFU0ekFmZjhKZ0dzRU03a0ZqRzFleWo2LXpXaHB0eGpqRDdsTGdjLUNic0hyTEt3eklhZERjUXhpaEt1SGZzUXdMdVlWTF9WZ3hPaVpjSWdmdHNR?hl=en-US&gl=US&ceid=US%3Aen
2026-01-22,"To Make Homes Affordable Again, Someone Has to Lose Out - WSJ",https://news.google.com/read/CBMioAFBVV95cUxOOXhMU0ZBXzluYlZRNUpzd0NLLXM4NDVncThIWFZXZ0ZSa3lhNlBVR191OGxFdnpuUmVUWmpsT20xRnpuYU5NbzdEbzEtMkhLVkhCYThCNTBPeC1MbGlORWVDQzNKMW95VXpoS05FLWxUZkc5SkdSUy00aXNZVGtYOFlzRTE0V2hkV2JyS1RjbmFyR3BqM0UtYmRMN0RnWXBo?hl=en-US&gl=US&ceid=US%3Aen
2026-01-22,"Elon Musk’s Grok A.I. Chatbot Made Millions of Sexualized Images, New Estimates Show",https://news.google.com/read/CBMihwFBVV95cUxOSFZMVW5tejhzRmxMblJUS1dmZHBMRERNcHBnRmMtY0JuM0tFZlhwWnpITGw2NGxyUUJ5OUJsVFlQS1VjcVNoZnBvNUxMLU1QNnRtWlRDdWpaajZWa05TNENRYmZUbGtkUDNvWnlZQzlIbGpLTjZRaWJGVkFoMHhFWWR5SS1xOTA?hl=en-US&gl=US&ceid=US%3Aen
2026-01-22,"Grok AI generated about 3m sexualised images this month, research says",https://news.google.com/read/CBMiugFBVV95cUxPeGtlVDE0QmhidWRWTDJhT1Z4LVBUb0NwMDltMndIcE5WV0FZRlhQbGNGRFNjTHhoYVl1c05xSXlOOTkyWVRPQ25ZQkE5RHJlM2NBc2tXNnFBQ2tBZHdpV1BmQVpiMTZCSVNnVkZXem4xYi00YnlPTDh5WkY1ZGhmSE1mUkJoS1k3RjVUUXpjaDNBVlpHd0ZiRmotVUlnMXVjb2tlZmRWOWc5T291QThEYjFJeWVCR29VTVE?hl=en-US&gl=US&ceid=US%3Aen
2026-01-22,Mother of Elon Musk’s son sues his xAI over AI-deepfake images,https://news.google.com/read/CBMif0FVX3lxTE1TWHAzbDAtcWppY0JhWFF0UjN0Sy1YV0EtWHQtcVBEcXFwRHFSVVdxdElkaVhhS1F6eWVGdk5nWE1aQ1JZVmU2QnM5VE9jSG1FTXZuS0c5bjhHcUdiRzdoOEdyc0JoeGdpR3dGOThwUHJPT3VkTnhiY3lUYkRFSEU?hl=en-US&gl=US&ceid=US%3Aen
2026-01-22,What It’s Like to Get Undressed by Grok,https://news.google.com/read/CBMiqwFBVV95cUxQbnBLTlBXVTgzZFN3Y3JkLW9OVWxYWkpjdGl4TkdlZFFRWndrVVd6MF9aRWJlendyeExvMHV4bXhMZl91NU0tR2NKMW5MZ0ZVYjE1WmFhdWw3djN3bW91VFNQWG04ZDNkaWJkbmZQU2hLZHJMTnVaUWJDM2RJU196Yzh1TjdsRUZweUVxWnM5alBEdVNldUM4TmZ1cG9WbWZ5MkctcUUwaU5HYkU?hl=en-US&gl=US&ceid=US%3Aen
2026-01-22,Tesla CEO Elon Musk outlines expectations for Cybercab production,https://news.google.com/read/CBMikgFBVV95cUxOUEZ4RklhU09YMGZYa2NYSDJUU21kRkxNRGpyWDEzLXgtX081S3RIM1pVbWFJSUlUcnp0eE0wUWpWSnAtSjV0X0pkVjMxblRvWHJKbHduLUxoY2ZmRkNQT095dVdQWTVyUmRraDUwN2gtN3JHdnpFNTdjaERHelJmSENyUFprcDh3QzlMTzNUbzFxZw?hl=en-US&gl=US&ceid=US%3Aen
2026-01-22,Elon Musk predicts 'agonizingly slow' Cybercab and Optimus rollout. But he’s not giving up on Tesla’s big bet on robots,https://news.google.com/read/CBMimwFBVV95cUxOcHNCZ0tsTnlTV0RZY3RwYTN6QkNzNmRaNzlRZ3VoNElrR1FQM1dUNTVqNU0ycTB2am04VHFjcTdsU0lrcHh4UW1fVndEUUlZMThnMThpWFU0VW5xaEJ1eENfazhTQzRpUVRKVHhna2EwTmMzMnpVdnpNeDZvMTFyYXZwOVJraG9ZMUlsQl9zVGlQMFByNUFIZkZGMA?hl=en-US&gl=US&ceid=US%3Aen
2026-01-22,Is Elon Musk Lowering Q4 Conference Call Expectations With This Cybercab Comment?,https://news.google.com/read/CBMioAFBVV95cUxPLVVrVGRfWGRENnhqQzdJV182bUs4TlRRQzM1NDBXNVlPNU9BTU5TX1lDZURsYVpmNEUyQ1g2UzdQWDFaTWxfMDNzdEk4VjFERUxQV2dWT19zT3ViLTU3cWNRZDVFbmU4Z1U4THIzcHczSzcxV1dDU3pwUlhlSldnVEZCLU43aV94SUFtUWJmemNfalNFUHNvbmw5WThudk5h?hl=en-US&gl=US&ceid=US%3Aen
2026-01-22,Tesla’s Robot Dreams Hit Reality As Musk Warns Production Will Be 'Agonizingly Slow’,https://news.google.com/read/CBMifkFVX3lxTFBRSnpiWl9VNnNrVW1HU2Qxb2tRRWQtbXZyd2Rjd1pxakVNR1VGOEV6R2lKajRvcXpPWHozS0h2ckI0OHhhdmVCSTNqT1pQZWJhQXY5OUJ2bFhqMkE1Ni1vNnZYRmpYUlNKbUY2UEZzRGJnVVdQaUs5N0h3dmo4QQ?hl=en-US&gl=US&ceid=US%3Aen
2026-01-22,Jamie Dimon tells Davos: ‘You didn’t do a particularly good job making the world a better place’,https://news.google.com/read/CBMigAFBVV95cUxPdDFDMVZuQUNXaVZkeFZIZ0Nwa0tpbmRxTHJnNkRUS0hRNWlUcUxmYVFMYmhRRExKVXFWWE5GNW9YQ0ZUeEtuZmVOX1F1Y2hFYkRGU1pOVE44T0hydkt0THYyTkUyTnZYdEFmMENvczB3enhNQ3NmSGdDaV95b1dpcA?hl=en-US&gl=US&ceid=US%3Aen
2026-01-22,Jamie Dimon issues rare CEO criticism of Trump's immigration policy: 'I don’t like what I’m seeing',https://news.google.com/read/CBMifkFVX3lxTE9kMFh6dUwwSk1sLTAzSWxhRV9MNzdfalVKWmZ2RTJlNXZsVjB3MGxNVGN3aGUzaW9QWEFwNDZ6STBBamxHZmhGQUpHMTJzNmlkekxITkdTU2FwcW5pZDgyWHZMRV9DLUdBNHdEY0VKN2Myck81WWkzNk9RdkdjZ9IBgwFBVV95cUxQVzVhUm9HdzdEWUdrVUlRRkZUWjJLZFlQNXhRY2RRNGN2NjM3ZlpUb2YxVi1Cdm9nUE1LbmNZVEcxWHpwUHNmOTlpeGhQcDRSR041QjVQNldSR005OGxPZTFINDdmRjBQVVZNOXI2TDJ6RV9qU25PUHBTckdKUUdTLWl6UQ?hl=en-US&gl=US&ceid=US%3Aen
2026-01-22,Dimon: US ‘less reliable’ as economic partner under Trump,https://news.google.com/read/CBMihwFBVV95cUxPRG1adEVVcFd0Z3FPVmxnR2YwMGVPM2pyRjJaWFRVckpYUVhIUzVOajBxS1ZTT0NMT2swdGZIRU5rMWpMVG50a3Z0U1lzclZkN1FDUTAtSzZoNHpudFRqVTJvUVBROXV1M2pZc05hS28tWlJWMTZhWW84Nk84S0RTS21iWnNYSXPSAYwBQVVfeXFMUFJsM3F3VXFkRS12ZDZxR3M4TTNPUTY2RzYyZmoyX29sV1FrM1M3cmRhQm1qQWhBaUlIYnN5RjBaRE9sSE02UTVNanBkUkFxVTVXbmNOZW04RHpWN0hUcHNaWFF4S1RWT01YWVlzSFpNeV9FaWpKdEhLQVg4MmpuVnFTRDBRUkowT21saVg?hl=en-US&gl=US&ceid=US%3Aen
2026-01-22,Dimon Says He Would Be ‘More Polite’ in Criticizing Europe,https://news.google.com/read/CBMiqwFBVV95cUxQVG9nRGI2SkFTeUpBa0ZqbnNpUmdqMl8yQ0JWXy1FSkVibTV6VWZIT2JRNUlwUGFoQ1d1RjlaTnE3MHNqdFJ0dWYwNkVzaURhMjN6Q0owNEt1RzVaVkN5Q2ZJWXhELVE2UXVEUGdmNlF0eUc0S1dTTWhaeV9XeXdUQjN2SWlHX3doOHNfX2kyZVNkN1BmeUc2RjB1aUh3YnYzSnFIWVZqSUhXaDg?hl=en-US&gl=US&ceid=US%3Aen
2026-01-22,"Guilty plea in $380 million Ponzi scheme, feds say",https://news.google.com/read/CBMiigFBVV95cUxOeUdzal95THpMQTR5cDFlUG5ValZYdnNkZnVaUWxCcjNydWNndTZDdFhPNi1PemRoVXdEa3Q1QnhWNFZBcmNWaU1KMWZUMXlFb0s1NHc3R3dzVjlWRjUzZEhJc2RGVmpZaHJELTgxeFBHYktoNEwyMjdWVl9BWXJYWkVNUGFvcUhBdnfSAY8BQVVfeXFMT3hMdV9ZMXM5T0ZTWGpaMndSTTJnUlFUbUVLQzJyLWJkMGxfMEw4cGR3MDJmNE1NV2VGelVRdWdVUGlBVmdfQ2p3RlRCVFhzYUpjcUZ0UFFWVkQ2cEczRVlJS1IwbFg3TTRZVzVrUFY5TWYzNklLQ0kxMkdlenZiQk05dTJLa1Q3TDdmZkRiSkk?hl=en-US&gl=US&ceid=US%3Aen
2026-01-22,"Atlanta man pleads guilty to $380M Ponzi scheme to buy yacht, rent jets, much more",https://news.google.com/read/CBMi4gFBVV95cUxQdk1LcGxpUWN4VFdUUndTeG5tcmJvZHZtNXZ0eGk4SlE0SzdSRVV5UHFHNzYxanU0dndzYm14Qk9QZW4wcGFySVlsY2cwTUIxai1hcHZ2U2wzQllWejJLTzE5UXRzb3ZfdVNmWmQxUmlGMEQzb3M4R2RWd3AtUmhSZjdNVVVQNFY0cGZDcWJWVDlxalZTQlNuRGtyLU1UNE1IMlNNOTBWbmVhanBneTZRaXRLc1dKNkc3QkllLWtRYmY3RWFIVzl1US1TV0QzYnFxOXRtYmVDRkZ2VVl5cG1TSjN30gH2AUFVX3lxTE51Nk83ejc3TmdWb050SU1BZUxfT0RpNFpOU2s1WW1ta3lXb3EteFc5bGNLUTE5U2lzTEk0LTFyNTZEUjluaEVzb3BRdUJUM2lKQXZCY1loWTFfVnFzUnBFc0dCR1NzcDBPVUlnQnd1NnB0NkpiSGdQeFExUlRYdHl1ejZrOTlQX0ZhVWlWNXozQTVpZUV1UWdrVVNKaGk3YlloNmVhWUM2dzByam5qY3o1dmVsdnotVk03R25CcVFGMWpzS0dQNGZvX19oWnk0VmdiWUFfVUtMRG84eVI5aDFtUlAyQ3NOZXRMcm1kSy1VVE0wOUx0dw?hl=en-US&gl=US&ceid=US%3Aen
2026-01-22,Florida financial advisor Todd Burkhalter pleads guilty to 380M Ponzi scheme in Georgia largest scheme,https://news.google.com/read/CBMi2AFBVV95cUxPRHVnbmpaVlZTQUNxYnA3eHF3Y0NBYXJsZ1VoeE8xcmZUcDNwTDRQRGZrQlBjX3JxT3hlVXZjV2tUdG1XWHVxWUtGbm5ub1NhWkJNM3pRVlVUc3dQZEhVclROSllyd1NsZE13RmtXeVRhYkhEeUhiQ0lWZExFMGtoalYzbG1IYTRUal9HWmMyQkVabGRnU0ZaRXBLcl95QjdNbDZSeGNPM0NfaFppeTJ3ekdKc2JreEZ4cnhBZVBzWFVnejZSMGtqNjFRa3JIcndMZUxhWWs0NWE?hl=en-US&gl=US&ceid=US%3Aen
2026-01-22,Local financial group CEO pleads guilty to $380 million Ponzi scheme,https://news.google.com/read/CBMi9gFBVV95cUxNYmZCMWVmb1VvQkIwMkFFSi05SDJMWkw2cU1VSHZCZktLOWxlLS1HYTJKNmZVWW16MjVONVdFcWRjR1QxUmRqdDVsVTF5clU3Y012b0toN2xYT3FJT3daWWRKdThZYWR4MnlhQkx0SVFRMVloUUZUQ1U2TUdzenJEVDNxR2xvYUNuS1R5MWVwQUsxR1ZMLWJGTTRSNy0yQkdxdEphdVQ5TGhXUmVFSTdjWTZObXZsQURVRk4wVXkwQnRfYkhfb0xNcVhyTmROZkNfVVYxLUhYR0Q5R2hWd1NlUVNnX2Z2TjU2VXJCZksyd1pGc3dCS1E?hl=en-US&gl=US&ceid=US%3Aen
2026-01-22,Boozman releases new GOP-only crypto draft,https://news.google.com/read/CBMitwFBVV95cUxQUjNmaWVUbEF6ZEN0M0E1eHdCQ0QtVmg1ZkpLZXNnQjV5VXBfV0EwRjY1czA1Q1lQbmZUNzVpa3VjNXNGTUhsRDdaOWtXNVhNbmlCc194QXZQa2MzZUoyUVkxOElKNkpBZjNlVkEyeVd5TzBqX1g5X1JzVDVlLXhTakpJZjhHaHdrM014cmRVVmM0SV9fYVg0ZnlqOGh4ektQbjN0cTU5VFQ4eDNxbGdFQzcyQ0VrR2s?hl=en-US&gl=US&ceid=US%3Aen
2026-01-22,Why Coinbase split with Andreessen Horowitz and the crypto industry on a key bill—and what’s next for the Clarity Act,https://news.google.com/read/CBMiuAFBVV95cUxNQ2Q3QlhsNTVSQXdnejdrcldoU2tZUFhCQV9MZlR3dDVkZVE5S2t4dnV3bVhsSTlsYmd3YzVBbkRIRW1GcUR0dXpoWUlobmdleFlvT0ZEZl95WDlVaDVOM1FBVzcwaUxyN0JHTWd1M3hUMHhFeUo2dHhOODY2MGFPRlI4dHI2U3l6RGRHUzRqaEFoUm9LV2xaRUlyYVl0ZGVoRm9sX1ZxZUhtbTExQTZkU0d6OXpiOW5B?hl=en-US&gl=US&ceid=US%3Aen
2026-01-22,Crypto Bill Delayed as Senate Panel Pivots to Housing Push,https://news.google.com/read/CBMitgFBVV95cUxPNUZqMnBRRDlaSURsZmgtcE4yMDVOZ2d4VzVYaUdJSzcwVU9fYjNLSFpUcE94czBZTHQ1QnJkeDBxWDc1bHI4cXphSnpXMDhqNXNDdXgtNEJTQUMzSmlyZDJrangxWnBHU3ZYcjNQTkJfU0RFdGZ6SkF1Y1VPbU0zX3lRSXNpZVZfUlJFVk5DekIwUGtJTklSLWEzdHJNc05YOEdSU2NlVVNPMFRIbEJ5VFlPalhGZw?hl=en-US&gl=US&ceid=US%3Aen
2026-01-22,Wall Street Strikes Back,https://news.google.com/read/CBMiekFVX3lxTFBscF9CWlp0dS1qSjNvd3d0SFlNUXR4RTcxQWhuNFN3TGZwUG52d2FVN2k4RlhmUk9xbHJTdk91a2h3N0o5cEQ3V3c2RnJmZkk0VDY3VnY1MFR6ZDlWNnROQUdSVE1SMTRvTUZtZ1pyVXRzanlWbjZnNmZR?hl=en-US&gl=US&ceid=US%3Aen
2026-01-22,Elizabeth Holmes asks Trump administration to commute her prison sentence,https://news.google.com/read/CBMisAFBVV95cUxQRFRtUE1ZcER2Qjd4RGJsNnVrX21aTWVGV1VZRXNrenpyNEFHMGVadkxzbm1ZSU1mSGE2eHBGUzUyNEhKd2dRamI5ekNCaEhRUlJCTmJzbl96a19TY0JybXNWdjNzMHpBMFQydDMzZlg3M0wxRWJlS3FtZWlKMGc5Ml84aFpfQ3k3bnU2VlFrYXFPbEE0NUhJWi04ek02b2RkMnJGdl9KdkVrRWxPanFqTtIBtgFBVV95cUxOWHhOTjctdGFrR1E3S0RlaUlCTGtwTnFaT1pJaTlDcjh5QTduM2oxWmhzSDVGaWZDaDFHVC1YRktQZDhjeDY5WGpobGZ5UXhoc0ppSUFLZEFVWFRpVWpnRWRlb2lRb0l4STlpbkxwTnpxaVdDZkhod0VfRF9zUzRDd1VaeDVWejhsbDR2WVdKNnlKX1BTUDdtZU4xQW9nMjBPSGpsMDVjTldxVkYxMU5CVzZlRk5JQQ?hl=en-US&gl=US&ceid=US%3Aen
2026-01-22,Elizabeth Holmes asks Trump to let her out of prison early,https://news.google.com/read/CBMijAFBVV95cUxPY0w1MG52QmJoWG80YVYzbEd1eGNfNk44MjVNUFZiblZVUHpuT3MxVTAzekJ1WHJaajhCWTduQS1kdXB5aXlBR2xGd2o3dDREVkYweW40ZGhNLU4waHpGM3JUSEo3a3JZQUVJMGpndkR3Qlc0ODVXWG13dVlUeFcyaTVQMVZpbnVzeVFQeQ?hl=en-US&gl=US&ceid=US%3Aen
2026-01-22,Theranos founder Elizabeth Holmes asks Trump to commute prison sentence,https://news.google.com/read/CBMijgFBVV95cUxObS1rTnRZaVN1MDJ4a2ZXc0RjMUhQSWJncWt6Q0xrVmFfNjBEeUw1aTlUcG5zazNSaHRBbUtrUnJWM1dReXBZZ05CM2dSSzJVM0FsZ0YtaFpmQlYxbmFKVjNubVNLc0wwNkkxeWYxdC1mV3FPamFLNGZ6MUh0WV9PNzRobFZzai14Qk1jRXhB?hl=en-US&gl=US&ceid=US%3Aen
2026-01-22,Elizabeth Holmes Asks Trump for Early Prison Release After Fraud,https://news.google.com/read/CBMitgFBVV95cUxOc3RnNVhERzMwMlZYTDQ3c0ZuMllLd3VYYkNrZ05uYkJRVURkemd4YkhEaFpGdFNDUjZOeGpjb2pXdm5WTTdvQjBjNEdFMjNXcE0xYk9fN2ctVkc4MldiTUY1MGtPQ3NqMUtpeGdCRTdnSjY2cUJUZThmSV9ZWEVoQ2xvRks1aDBhT1FfdzBod1d4UjlGMk9WcjRYb0o1S0FhVF8taVo2QnVWSzRsT2FBc01tTm5WZw?hl=en-US&gl=US&ceid=US%3Aen
2026-01-22,"The rich are powering spending, with the U.S. economy in a danger zone",https://news.google.com/read/CBMic0FVX3lxTE5ITEZxazBqbUViTzdKUFdOUy04bzhxU2VOV1VyYjhlUFdPRXpTeE9wXzRvcHdXYmtJNkZuYUhxY2pKZFRPWF9YNDV1clEwQlFoc0lWMFItNU4xVzRNWDR1SnFRRVBEV3JNOTJlS214Y1lNbVU?hl=en-US&gl=US&ceid=US%3Aen
2026-01-22,Wealth inequality in America just hit its widest gap in more than 3 decades,https://news.google.com/read/CBMiiwFBVV95cUxQTU83X2Z1UENkUVB1blpKNWJlLUR5cUtTVjlWaFdMVlprRTJGRjhkWXVJZS1Pc2t2UjljdFdfRktpUVZhQWtVSVV1T2ZWT1JFSGRNRnBmZVdacDI3cWVmVmI1c3plLW5yRnJSWHlMZVJNa2JidjFrbXJjM1VkaE81bDg4Rnloam9QTjNN0gGQAUFVX3lxTE1xa1c4T1pMQ2RvQXpjTk5kN2UyZUlpSm96X2c4Rloyd3NvaDNycTJ1TVFGaE9COE5nS0gyTnlwclJNSk5jeEJ6VXptR0ZKRmh4UERJN0tZWHQ3WW5QeWZtNFU2bkNtYi1STmNheDdLRWp1cXZmWTlzRnBKTnl6UUpGY0xUcmhCZnp1b09jY2x1RA?hl=en-US&gl=US&ceid=US%3Aen
2026-01-22,Rich Americans Had a Good 2025. Everyone Else Fell Behind,https://news.google.com/read/CBMitAFBVV95cUxNeHA1VF9CblQydWFhYnAyalNQR2dzaElmOTU2OUgxMjZ6WThwNFlxMTJZZGM2TTVTX2JDSW9GZW1Wb0hadmhZc0VTTlVwSHVrZ1FHbGtXemM4N0p4cVR5VDlqQzJxTnhxR0x2M2pMMVdpU3FKSGJJd0Q0OHVFSm0tMWtZVlZGejdlXzNfNFFNQXlTbkdjRUQ3a3V4VFFhMEtOemJmZ3FaVjV5T2w1TVN3Ylk2dng?hl=en-US&gl=US&ceid=US%3Aen
2026-01-22,"As the 1 percent get richer, the average American is still falling behind",https://news.google.com/read/CBMiiAFBVV95cUxNaDN5WDNTVjVxSlUxMjkyT3lBWlJEdjJHTmJ1WG1RLTJPdDg2OXVBb3hGdDAwM0NlRjZuUEVicFoxallORDJ6LURKUW16UVRRczYtZ3VsdmFJY2tGN2poR2VuN2RvQVM3cTY1ZEo4RzMwUnZwR1czcjgwS2ZNSU5Fd2hBSUs0alM5?hl=en-US&gl=US&ceid=US%3Aen
2026-01-22,NAR Pending Home Sales Report Shows 9.3% Decrease in December,https://news.google.com/read/CBMimAFBVV95cUxNekFCRWd6R2lQU3N6RUFRaFZUMWczNHRjVWFZRExNcll2WFFtcXlTMnVwUGMwSU80dXJ6bGtZbHJZdFZZRF9yVFVGcFlobnloRWV4TUlDNFc3UmluM0ZXbk9aTWRTUHpIMTlHLWpWZjR5Y1hjTUJLeGY3UUVJalQ3ZXduaWJaNUFtRmJ0ZnY5Z0w4dHJzY1pDQg?hl=en-US&gl=US&ceid=US%3Aen
2026-01-22,U.S. Pending-Home Sales Fall Unexpectedly,https://news.google.com/read/CBMigwFBVV95cUxPc1NYWHZFZEhxcUpDdkVtZmx6cUJ5N0pEbldCdENiSEVWbFo4S3BFNW43bllPdmxBZzNfcy1DVEY1Q0RxcmNuZllwcU5tS0ViYk1mRXNSdTZxTG5BTnZqaTNnQTQxTHM1TUhuVFRZblp4OTdTZXFHRmpPVV9UZ2lyRGZKRQ?hl=en-US&gl=US&ceid=US%3Aen
2026-01-22,"Pending home sales drop sharply in December, dampening 2026 outlook",https://news.google.com/read/CBMigwFBVV95cUxQSGVpN0N4UVU2bUFQYVVfMFVOZDlNamtSWG5FZE1LUHRuYnI3R0xfNWh0V0hFbE41N2VqTXBvdXR0YllFaUV5R2MxaHAxVnE0eTQyS1E5Y25CdXJKQTRMYmUwQXJjSGxxWjAxQ3loNlkyVE9vR3c0UV9tY0hTdlE5ZmV1MNIBiAFBVV95cUxNbFpWU3RTQ3BSMk00WENDUkJCbzd1RFlpN3UxcW1yQmhGMGFvZW9uaXVneTdyQ1lsdkJtejFhMVVwWnMtS3FPOWhSNXRnTEJRWWk4MWp2RE0zTndFdnNQUTBDN05qUjhIcEZOV0RXZ19GeDJ6TDQ1OGl5UDlTMFJlNlp4cm1ScW9s?hl=en-US&gl=US&ceid=US%3Aen
2026-01-22,'The housing sector is not out of the woods': Contract signings sank in December,https://news.google.com/read/CBMiwAFBVV95cUxOd1I4UnRfWWhWajVuOWZkZGlLa2tLZ2RCZ2Y5UlZRVzBzUkpzWEttaWZFVGJuWXk1VDlORFRaSERvcjR3Z2EtQ3dXQ0tiU0R1b0UxOTI1VW1MbW9yTmtsWTFxRkhzRWwyRXNNUnd0cHdmb0VTa1hsRWNVNVhLQ2J0R25CS2FMOTVoWVF5OVZrNTBIMnJ2bHlQa0swNmwta0dNVEZOR3F4X0lHeHlVMGNjWWFIU29VX2dFdDV4bXhRLVk?hl=en-US&gl=US&ceid=US%3Aen
2026-01-22,Trump is steamrolling global calls for a moratorium on deep-sea mining,https://news.google.com/read/CBMimgFBVV95cUxQTm9sUzhWU2c0WkFDZ1NIWHVkNWx3Vzl6eEhNM1hrbmF5VlRZeFN4NGY3c2dIc0g5UUFjV25XdllNcHBpYUx6YnBoNXpTSWcxa0tsU2ZGTDAwLUMzRERKclkzLWsyQ0xISlo3bGZVZnpHMVRTVGUzd3g3cEpYQnItYmppRjJrOHdPRlFLcHBXYk5PMm50aGZ2MnF3?hl=en-US&gl=US&ceid=US%3Aen
2026-01-22,Deep Dive: Examining the Regulatory and Statutory Barriers to Deep Sea Mining,https://news.google.com/read/CBMigAFBVV95cUxPUVNzSnpzY1J3YkdUdzl2bGEwdDRvazFoZV9Tb1ZUeDFVc0J5UkpQSmVHUHhmdDQ3ZTRhZkZnZHZ1OTdjSWZ5WElEdFpHNk5ENHZEcGZ2Z2kwMzdXbDhTZEsyS002YllaaTBjb2dVRWs3MW95ZklUeFlNVVFFVTVTbQ?hl=en-US&gl=US&ceid=US%3Aen
2026-01-22,Trump administration speeding deep-sea mining permits in international waters,https://news.google.com/read/CBMimgFBVV95cUxNdEJ3eklRZ1B5SWNVNmE0akZ2aGFBZjJxb1JXV0k1UVlRU1RHSmlOT2lkYXp1R0FuUk1TM291aE9EbTBxS3BOSFRMTVVQcmktZHZDZVNpWmEyVVpyZ2FqOGwzc3MwbTRyeWlrUjhMUWhyV0gyNzdJbzVkYS1SM0F0WGgwY2pSVW4xTGtib2lQZ3dOSG5zLWkyWUZn0gGfAUFVX3lxTFBfeldjYXBmdXRNTHRqYU9DOEFoOEo5YzJzRnNoeHctSU5hOEtEVFNpZk1MZzlIekVwSV9WR3c1TUV6VzJYZEhWbk0xVzZRUVBxVUo4V0FfWHY1WFcxZWoza0U0Ym8tQk13WlJFemtIQkM5ekMzWjB0amhxUGx5ZDBmNmE3WVEzb2llakllMU9vUE5qcHJKb1p4Z2VPcUUwMA?hl=en-US&gl=US&ceid=US%3Aen
2026-01-22,Is TMC The Metals Company a Smart Speculative Bet on Critical Minerals?,https://news.google.com/read/CBMilwFBVV95cUxPUWlQZFBfdlhkdGpwYzBqa1BGbk9sd1VIcnNTMkVlclk3WWdXQTN2VXgxcFcyeU9mY3hITUxBdUdxWlpHWmgyaFN4ZDRISDRXYnhFUGk2RDhCZnJ3MTB3NUJIRGV6WU02dG1GbURyS2JxN1ZTYW9BM0tsVkxyZVNsUzJhdDZDZ2ZwZ2QxNHNKYWFDVVdfVEE0?hl=en-US&gl=US&ceid=US%3Aen
2026-01-22,Elon Musk’s latest feud is a mudslinging match with a budget airline,https://news.google.com/read/CBMiigFBVV95cUxQd0JIeFJxQXpaMWUwQk5Zd3pzMUdaV2VtT0Rqc3c3Ql9LOURDWmpwRTdmai1QN0I2WGtrR2RlMWJJcnJNZk96RDlNRlFFcjVpTkJxNkZqVi1CMnZXdER4TmxDVUNpOE5MX2ZUNmp5QjNWMXJNWm9XMS1FVTZEMWk1R2hPQXdwYS1WTUE?hl=en-US&gl=US&ceid=US%3Aen
2026-01-22,Ryanair boss Michael O’Leary welcomes public feud with Elon Musk,https://news.google.com/read/CBMiekFVX3lxTE5iMU1jaHdFWHA0aTNyQUhIczc4cHhvalU3T0JHVEJZUjRsSFFYdmFRVE5NLTRqdVAzbjQ3VWxXVllCWW1UR05PMWlsc3lLdjV6VFVvX3EyV29kUDhwbFdmYnZTblRKNG9IRC03OF9DS3N4c2RHMmZhWUx3?hl=en-US&gl=US&ceid=US%3Aen
2026-01-22,Elon Musk Is Sparring With Ryanair‘s CEO. It’s Helping the Airline Stock.,https://news.google.com/read/CBMieEFVX3lxTE92bzFESGdqRGVPeUoxLWg4QjlvV3UxRDJqaFJxanJobmNjMVB6QXlSSk55c0NjbFByRFJVelNIMDNLeEctTll5QlJpSGtTN2VNb0JZaEtxUTFCSzNoRlBZaV9ZeUFieEVJU0U1VWhacmF2QTBvd3E3UA?hl=en-US&gl=US&ceid=US%3Aen
2026-01-22,‘He’s an idiot’: Musk and Ryanair’s O’Leary trade insults in Starlink Wi-Fi row,https://news.google.com/read/CBMiswFBVV95cUxQVEt1TmhCaG1vZFd4TFNBY2xzUk1KUk5neW9fUnJNaUczdXN4UGtTQXZqWXNwREpncS1fcW40bjhNYkdLQUtKOHpPQWhkY0poVnNLeERvUndxd0JMU2Vzd09ydTlBVUxiM3dGWm5wWXRtaDJuVzJjVVR4OGloTVowRVlsdkU0V29IOUdyMVJrRHNsN2xma2xGVUdNYzhJSDBYNU5QNHh5VGhjaUZMdVN2UDhwdw?hl=en-US&gl=US&ceid=US%3Aen
2026-01-22,"mRNA cancer vaccine shows protection at 5-year follow-up, Moderna and Merck say",https://news.google.com/read/CBMiugFBVV95cUxOWkl2Vy1JYVJ1cTFMUmgyWDQwWDd6LVduYklTbjF6MThuWTdTUFRzTGRlYnNrTG0tUmRTcGQ1dE82S3ByVGJBa2pHTzFXMTl5NTZlV2ZUb0owVXlhUjUzV085RndVV2xPMzNwSy1Ob2tkR0lJNktDc3VKT1lsYXQ4VVVrT0JWeXBqM1Z1eEE2RnJkSkNsV1FmTURmQ1FSLVI2aDBZbDdETDk1S0ZfOW1tUG5XYWo4djBGN3c?hl=en-US&gl=US&ceid=US%3Aen
2026-01-22,"Moderna, Merck Report Positive Results From Cancer-Vaccine Study",https://news.google.com/read/CBMiqgFBVV95cUxNNGVpZHh1b2tNQjZnaVlXVGg3N2lkQ2xGVjlyOVVfX3dCS0I0d0E0QVF4SHpSbXlUbTNkQ3dBQUtyRWZlTDQ1QzhtZVpKUVZqaGdfaHNrNDE5Zldhb0xjdkNCQTBBb3pqMUJmaHRYMXZzdGJGOUx6LTRqMzA1UDBqTnM3bTEzSlV0MzgzVmo3blBCVDVyTDF4TnNTZHoxLVlzcTdsbDNlMDQ0QQ?hl=en-US&gl=US&ceid=US%3Aen
2026-01-22,This innovation saved lives in the pandemic. Now it’s showing strength against cancer.,https://news.google.com/read/CBMigAFBVV95cUxQWXZ2NndBWGlXQ1NpQ2RheG1ISWkzQVBYX3ltVDlXU2R2a1l4aWVuVEZnbVdyMEJWelozS3F5V2FoakpTbVlqamRpSmc3YVRoQ2FFXzkyUXB1MVl1aEtoUXY0ajJXa2ZuYi10d2Z2bUNxa3NhZ2kxeFNHWGotR3RMUQ?hl=en-US&gl=US&ceid=US%3Aen
2026-01-22,Moderna and MSD’s cancer vaccine plus Keytruda boosts RFS in melanoma study,https://news.google.com/read/CBMisgFBVV95cUxNN2twV1p5Q1A2bUt4NmxVSkxxdU9Td3hLbVVLVzhiWW92eWN4dnZ5a3JDbThyNVVnTFdHc2JRVHhVX3F6bVE5RHoxZTV2LTd1WTFvalBmSXl5M2c1VlVGZkMyaGhZeVlFX244NUlHX0hXVkVHdDJiV3lCbDlnQVdsQjVUSTA3T1FXNEJnLW1tQU5mclNIbmxFNmVzTzU0V1JHT2NOcTE4eXFaLTVUQ2dSQlBB?hl=en-US&gl=US&ceid=US%3Aen
2026-01-22,US Natural Gas Jumps Over 50% This Week as Freeze Takes Hold,https://news.google.com/read/CBMirwFBVV95cUxNVjZHOXNGbHpJemVUTUZ3THJySnlfc0dIdER6YkpIb3RxOEswblNOWGo1VXV3cndGUG1wd2JTRm80QkpZTG14c2lIeElFcWM1WGgycnRNZkV3MzVEY3hRbGlKSUc4ejE1RnotdGNkc212Zm1KTlBWbTU4eEJDVHAwaFRZbWY2S1ZMbTJkTUxFLVBSX2l0ejF6VnZkVHhGMmY4S3Fmd1hFX2pHSTRyM3BV?hl=en-US&gl=US&ceid=US%3Aen
2026-01-22,"Natural gas prices soar with massive winter storm, arctic blast set to impact almost half the country",https://news.google.com/read/CBMi3wFBVV95cUxNdnZCRmpELVM3YmUzQS1HMlRSdDl2dmdwLVFWZWFtbE1wZVRCa3cyVGpZeTdyUzZWOTFlRVNxbUwxbVFNM3ExcjVqTjBMRVZpLXlibHpoNC02bFNCbjNTTXFSS0JMWnM2X296QmpOMUQ1NEdxdzRIMGZUc1BQcWZhUWl4Xzc3NUlZTVBWR0J1ZTBiNWRhNGVUekpOYk00ZlJpWFF3aVp2dWdLRlZibjdtUlJlNGlJWVdrZm02N21VRUxMM3dJMGdKdTRaSVNGWkE0MkI2VlN2N0JBeWU4dWpn?hl=en-US&gl=US&ceid=US%3Aen
2026-01-22,Natural gas prices soar as Arctic cold to blast Upper Midwest and descend across U.S.,https://news.google.com/read/CBMiogFBVV95cUxNU0FYWmQxS3NldWZ2ejJfVXVZWGN2X1Zyb2NuVTUtTjRROVNRc1ZMYmpyVlQtcGh0TEM0b1k2bHBMTlliLWg4NGxCN3BMVjlEUFlZSzVOY0NibFNIZFp2eVZQNHo2bWJpNUNLZWJuV1NOVU53cS02U3d5dHVYbzBRWDNocEdKRllROENkN2I1SWN6c1c5MVZUZHlJNVVmcGtSZEHSAacBQVVfeXFMTjd5cG9samg1QUwtTEhrZDFRRkJlbHEycXhMRTJTbHRCcUdGQ2JCb29FVW5HNWVzbWxIaXp3cHVEaFpJenJodkRRc1RsbERsQWJRRFBvX09tVTdLaUcyRnQwNGpVRm9Da1RGNW5pQ1VTS2d2VEV5Z0VYd2RsZV9XWEtDeDJERlN3YWplOE1ZRWVfelJBTHYzT1ZwdkRHRmtxQWhSY1ZRUzA?hl=en-US&gl=US&ceid=US%3Aen
2026-01-22,"Market Braces for Severe Freeze-Offs, Impacts Across Natural Gas Value Chain Amid Dangerous Cold",https://news.google.com/read/CBMiyAFBVV95cUxOLS00S2VweDQ1OWx4NVNLQUxPcmV3NmdjSURrcG8xemlPanhobmxyVkZMNWFOblQyRkx2WF8yaUZJTEw2bDR4ZlVRY1otaDNSVzBzMF9fdUdXV0JuRmNVejUtUHprNERjQjZHSkEteFFqOTBaYVRScXdka2RnR0JaNnNCMnZWM3lEbjRxdV95dDV5enBYU1BHUTRURWNnRUMxanUtRVJoc2xsbkI1RmpiVk1peGlMZHhpWjJyQXBJN2M0TExZNXgyWA?hl=en-US&gl=US&ceid=US%3Aen
2026-01-22,Bezos' Blue Origin announces satellite rival to Musk's Starlink,https://news.google.com/read/CBMiWkFVX3lxTFBaUExwbGJITUloTThFYW5sM3c4NDIzRDBmeEJ0dWZmVXlBSExSNDQzRENMWUFQWXVGOHBMa0FIeGp6UnhFS0wwQWo1ZmhFTm5SRk9wcUJzX2lhdw?hl=en-US&gl=US&ceid=US%3Aen
2026-01-22,"Jeff Bezos' Blue Origin launches satellite internet service to rival SpaceX, Amazon",https://news.google.com/read/CBMikAFBVV95cUxPUVhXWER0MlRwVG1reldmeXpSTENhSVZfdDZENzJYb0hXYXJ5VmI0VE1mSlRxclhYUXZKYjdYaWZuOWJEcTVUc0ZULW9ONjAtREZYWHhTSEZDRk1qV3QxcTlYUS02X01PeGxORWdkSVdmLWdaMnF0YV9PQlg0VnM4WUFWOW5ja2x2QWY3T0pJMW_SAZYBQVVfeXFMT1ZNODlrYzZxNzFOZkk2MHdRYjJDOWRLMEUyRjEtTWdrLUdfcFNqaVhRekh6S0ZPQUtYZUh4Z2lDWlBLX3ItOHN4SF85dWJtcklDZzNvbEZSTlhWbDg5UHJKaXdURDl4bkFTQ2hXd1oycEdZRUQ5ckc5SU9idV84RzZCNTVIeTdyOFNXZHMwZ3VpaU0xcl9B?hl=en-US&gl=US&ceid=US%3Aen
2026-01-22,Bezos' Blue Origin to deploy thousands of satellites for new communications network,https://news.google.com/read/CBMiogFBVV95cUxNUDA0YV9xcVNWOUlnLU9YYlNrVkVmbi10cVJybjNSbTJEMl96QVg3OEVMMWFpM1RfblI3UmtGVm9mQmhSRDBFRGlhYXhVdGlKODJMT1hOZ2JzWEFEUVo4bHBKMGdNVmFMdFktdHBudDljWXJ5azZoUk1Ea2tFTU5nRUNEcjA5ek1BUXNrRkVSanFGTWlSQnBROHdQTUJNbmdHNHc?hl=en-US&gl=US&ceid=US%3Aen
2026-01-22,"Blue Origin Introduces TeraWave, a 6 Tbps Space-Based Network for Global Connectivity",https://news.google.com/read/CBMiqwFBVV95cUxOZGx2TVBoZEpHTjJnZElHS1hsWjJUdWJVSVRIbF81S2xsU1ZLUXZhS0EwbDZFYy1nUU80NW4tM2xHZ2ZZVmJLQmk2cklBRy1qNG42MTV5bFNCQmVpVEotc1pnUDh5Yy13ZkFTQUhlOVBKQzBTd2ViMUVLUFJlRkxwaHpWdGVJQ0cyRDNUUkNVVnVaSEhmS0ZibnkxeVJQdVc3bUJTQW9yODRlcm8?hl=en-US&gl=US&ceid=US%3Aen
2026-01-22,The AI Boom Will Increase US Carbon Emissions—but It Doesn’t Have To,https://news.google.com/read/CBMinAFBVV95cUxPY3VNZGdWdi1xQnRhVnRtNmlTUzdTeWtRLWhZdlAxajV4TVBCS2x1ZU1VU1ZBMEZSeVJTUklXOXJoOGlmVjVlZHFPOU9aaVEwVWY5eFNWMl96QzgzNmEyUjBiX0J5WDZhVHAwUU9aN0ptZS14UGw2eEk2akY0cjNQaEpRemY5TS04V1FYcVFCVFNUcVQtRGMwMk9YRWY?hl=en-US&gl=US&ceid=US%3Aen
2026-01-22,Data Center Power Play,https://news.google.com/read/CBMiYkFVX3lxTFBvdkdsaGRhejZQVGF0elRpN0w3NDZRQzZkc3JkdUtYYVNkMDlUUElBck9weXNWOEViOS0tTDJQZlNmTHZGYkRGRFZ4SGd0VTNGNzlhMkJSOUZjUExHNWQtZHZB?hl=en-US&gl=US&ceid=US%3Aen
2026-01-22,"As Tech Giants Get More Hands-On With Energy, Their Risks Rise - WSJ",https://news.google.com/read/CBMirwFBVV95cUxOeF9vNXRCbXhJMDRiVVV4R1RnTk9SYzk4bU94X1N4VzRPZDJ2dFUwYy12d3hJa01WYTZ5c3FPRUJGSVVULUdkLVBodmlndE1pX1JrWWU2dVdrV2pQcHN6QV9MQ29Ea1ZJZEhrand1MU1WNzdDWGJrNlVMSXdVckFUejUwYl9jRWVmelFHZXZEcmVJcWtoY0l3XzB2SE5fcGZuZlBYRk1SM2dwNVp6Q29J?hl=en-US&gl=US&ceid=US%3Aen
2026-01-22,New study suggests the rapid construction of data centers will drive up energy bills,https://news.google.com/read/CBMitAFBVV95cUxPOV9uR2VwNHZMeUpOVFlUd21IWVdBbGVBQnZOZVFuNnVLQzNfd2JFTDBBQ2hZV3VsQW1wQkNXZWlaOTFDaDZPa0dhLVFSNGlieFFnM2JrQU1oX0NYVDd1VzA5MVdLXy1RQlhfSFppOXdUbEpQdlBrYUZIUHktWnlZU3c1QmNyOENJNkkwNFk4Ujg0Z0VYbTh1eG1QNEstRUJQeF9OYm5aWXA0ZVFvQS1neEVQWGM?hl=en-US&gl=US&ceid=US%3Aen
2026-01-22,Monster Winter Storm Expected To Snarl Air Travel This Weekend,https://news.google.com/read/CBMipAFBVV95cUxNc3FLY3FwUjdRUnhtMEVZYnlUMzdSUTZSYXJmWEk3c3hINng3Qnk0MzROeXpXZUNfM05XRF9fZ0Q1UGpEdkFOUUlISDlMTHpBLWdxTkE2VGlyZFQtTTR1U1YzMEZtNkhhQ291dTN4aHNoeFFmUWttX2FYekFBNW9JcXg5TzhVUXhOZVI1dGFQX3V6bWdpTGNxcGVRVl9nS3gyNnZIVg?hl=en-US&gl=US&ceid=US%3Aen
2026-01-22,"Delta offers flexibility, encourages customers to adjust travel for winter weather",https://news.google.com/read/CBMingFBVV95cUxOcG9TdlFvUFYwRzg4TVZGeGVkV1pjcFU1WEtTaS0tZG0yOHk2U1NJOUdRbW9sZ0hlQ09wdU04aGcyVFdaWlVPLTVzRmlwb0h4UWxnRXcza3g5czBlekVpOWFzYW1iQjFISlZFRGkwNVdCZm02Q3JEa2c2WUh1bEZSWVZYUW8zYkdEY0NrWjE0cHE2TFhvb2x6VEljeDkzUQ?hl=en-US&gl=US&ceid=US%3Aen
2026-01-22,Free flight change? Take advantage of Delta offer during winter storm,https://news.google.com/read/CBMixgFBVV95cUxNNjhCRG15eXh6c0RibGdlblFvUGVhMGRNVEVnbG1EdExUNU9ibWpYTzcwM0ZxbllWcVdUdHdWOGJPdHhxQU1ZUzQyV3RUbVBnc1NkOUdWTmZKQTNRc3pfTUNrY1E4cW5BOUQ2T0JFYk9qVVRLZF92SE5vdVZqcjhBcnNTY2liYW5NdFpIdHVBZXVwR2EydGY2RkhmOGcwMTVxVFdKSngyM3IwYUJHZGNrMm9nWGdOMHFvajJYNVRHdzk4UlJiblE?hl=en-US&gl=US&ceid=US%3Aen
2026-01-22,"Airlines announce travel advisories, waive flight change fees ahead of Houston winter storm",https://news.google.com/read/CBMivAFBVV95cUxOcnByMlR5dEZ2U1RPSlBBb1U1aWZVYVBKcDQ4eFBOUF9XNWFPUXBJTU9qS3lUOEZGVnNZb1dTZ3Q4Nmw3dUZxcTJoclhrUC1rS3lYU0RlMmxpWGU2WEt3UDdEcURXYWVGdURseGljSFNuVHRkTlQtUUlsLWdZbk5IblRmQWI1TEljRi1OUVRfNTBHdXdYM3FDSFhKMDhaT20yektaNHdCanNpcW53cHdEWFJTbGNQLXdnbktqNdIBwgFBVV95cUxQS2tCcXQybGlZZm5qY014bXpsck1VcU43Q0Fqbi1wYlJKT2xSUnpzSlAySmZKMjFMWTJpSlJHYWRpTGN4NUhfZF9YT2pJSG04ZjdYSThkTkVWdG56UlBmUWlJMTRyeTgwRFZSODV4cG9GVTh2T3k0aW5NN2hJSG93WDZ1NHh2RWpaalNyeXYzQkZNcHNFN0R5ZlhHVmRPcS1sSFhaSk45RFRmOTZFRmxNQzMzdmJXYVlnTHlCUGN4OWlJZw?hl=en-US&gl=US&ceid=US%3Aen
2026-01-22,"‘Don’t Get Too Excited,’ Says Morgan Stanley on Intel Stock Ahead of Earnings Today",https://news.google.com/read/CBMirgFBVV95cUxQRjhZNEx5TVpKVWtKUFd0VGpjQklRNlhfRFRUeklOdDZSbUw0ZTU1eGxpWlY0YUFlZmxCT0dTeUgyWUJ1cXMxcjZXU3hHc3RaX1hIWThIaVhMc3hqcTN2N2pFRldidG9SMGZ4VXd1YzlaYmhSSkJFUnphX1RBZkF5a0JWaTRfVVB5SnVfdTBSdFB3dS1tZDZNYTZhbTVsdGQ5WENsdno0M28wZ0prQkE?hl=en-US&gl=US&ceid=US%3Aen
2026-01-22,Intel's stock jumps 11% to highest since early 2022 ahead of earnings,https://news.google.com/read/CBMisAFBVV95cUxOYnBtODhIOUIzeFB0eWFXUUNaQWdQVENUelVCQ0Q2LWRxVk9nS1dnNE1fcUZYdHlNQWVSck1rMjVLYnZrdWYyWE1MS3FQX0VGVURVNFNjeHFRQjIzRFp3aXRVcXVmWFJ5MEF6VjZOSWdoOGpmMHB0WTJQWnk2Z0xOUVhiemJVc1hMNDZMd2xGeDYzVEliTHZQVlYyM2dXV3dfLWplUGMxOVFnSnFZemtZWtIBtgFBVV95cUxPV2I4VFotNGwzTU1URGNKX3NnSnFqcEh3MkR0dm56QlJpREczQ2xXU2FVZUJ2bHhGa1lhNGltbjAyZTRwWHRTYmRBYnBvdDNSTG1KMnlUcW1XSjFLNURNbUJSS2NjSGU2YUxzbDd0QTRGUC1Kc0xBZWFQTkZuZzkwRlE5WkxGeTVpQW5qVUp5Uzd1OXc2Z1RoeTlsY3ZfbEhxRGhDdUEzSkVSRXAwUThxcnV0ZVBfQQ?hl=en-US&gl=US&ceid=US%3Aen
2026-01-22,Intel Corp. (INTC) Soars to 52-Week High Ahead of Thursday Earnings,https://news.google.com/read/CBMiekFVX3lxTE11cW1YcGN4b2d0bWNzT3dENGxJcDIzTVBBN3NOWUI3bTFRRktXS3pNR0RVTmw2NmVQRWpaaTRBRzRFUEpGMDJtUUZ1UzFCeDFTYnprZlV4dENLcTQxaVhaZkJkQ2FnSEl0QldqX19HWk1vX2pnT0tqMk53?hl=en-US&gl=US&ceid=US%3Aen
2026-01-22,Intel results to spotlight turnaround efforts as AI data centers boost chip demand,https://news.google.com/read/CBMi0AFBVV95cUxQVWhrV0JPbHZWNVliVDhUWC1BZnRIV0JxNkpka1BMdmVNZDQ1bzNvZUNPTzdWMS0xLWxZYmczbjlEdXhFb054Q3lWVnktSERPMDVjNEdleXFwWlA4SjNyMjVWcUloUTRPcFIyMjcxTFJuVEg1U0E4RHc4bmtZaGRiUmJfV1Q2Z0YtVFVQNTFmTGIyeDRSeXJ4TVZEV3MyWVZEVURDcVk0ZTllbWNaZjVjQXJ1alVEZUtDQ3Y2ZWo5NVZJbU55QjF0TzI4NGhMbHQw?hl=en-US&gl=US&ceid=US%3Aen
2026-01-22,"Commentary: Yes, you're paying for Trump's tariffs, and the price is going up",https://news.google.com/read/CBMiqwFBVV95cUxPUmZKZkZwWEtrMUx3WDAzS0xmMENVbUNCU09aZWU1dUJudk10MEkwQUhKSzBYV2pqUjJmUzlnT2g4ZjZLelB6Qi1WX2t5d0dORmpuLWtQdDB3cXEzME9WamZ1WXlFVXVRZjc1N1hJblh6c0J1YVpRcWRHdkpzRVRMSUROWkZwaGRMNG1adncyWWl3eHN3aVh2TzdGZldMWXBZM25RZlM5YUpUaDg?hl=en-US&gl=US&ceid=US%3Aen
2026-01-22,"Americans Are the Ones Paying for Tariffs, Study Finds - WSJ",https://news.google.com/read/CBMinAFBVV95cUxOWVhWWEJDODBzYVNtZlkxXzZ6OXlQWUtqT3ZpdUtaYk4tSlhtV2t2eEtGUldsaVZ4d1l1UG1idl9wbVN5Vzh0VnlaNVk3a2lpdDZvUG5rZWlYZW9DNWpaUkFJdVExNDJ4TUpvd2RyZGZLTEdaT19ieHFOWTE0TGcwUWoxbmJYM0NjVlpCSXo3NWJVb0NZN3FBbkM0a3I?hl=en-US&gl=US&ceid=US%3Aen
2026-01-22,Trump’s Tariffs Don’t Come Close to Funding Everything He’s Proposed,https://news.google.com/read/CBMiogFBVV95cUxNMFFqSUNST08zMDFLWkVMcElKSllIb3pjR2hfN2J1UVJnNXU1MlZEd3Z4bzF5NEhKSWN1aGtjdW93MGliWVJtWGhadUkybVhJcVlFbDV3Zm1lSGNhZ2lPMlowLU9ZTTRIaTJ4VlU4VmptZThwcTNTeTJZRmVsMUhnVWt4eDFyRzI1SjRKMU5OZFpQY19OODJjcngtQzhjYkNNdWc?hl=en-US&gl=US&ceid=US%3Aen
2026-01-22,"Americans aren’t paying for all of Trump’s tariffs — only 96% of them, study finds",https://news.google.com/read/CBMihgFBVV95cUxPUUcyQmRzMnZMbjE5NFlXVkJlSzIyblQyRnVsRWtYQ2xfWjhnQXNUN1AtZlZfaHJkM2VlZ2tld2JBdzdwQVRfN2hPQWMwYzlCTnc1YXRITlZZMDRWN0R3ZFFReXFpTVVHSDNXbTBRRjA5QWdJZ0x6cHNfVEJtSm8yTHc0OVlyZw?hl=en-US&gl=US&ceid=US%3Aen
2026-01-22,"Toyota Exec Officially Confirms a New Mid-Engine Sports Car Is Coming, But It Might Take 5 Years",https://news.google.com/read/CBMikAFBVV95cUxQRFBCaWJfTUdfdU02SVY5bHJvaXJ4YXRqdkhGWWNWUnBIem9MQTg3c1doTVhpVFR1T0Flc3lwS0E1dmZLNF9DeHhGYVBaWEVQVGl4RHJ4b0Y5YVhheUZiRkF6QkFjaWx2a2RFWHBFcm03MGxZdjh6SmFvWmhPZ3M0UF82Y01ZSGg3bG5FS3ByZEY?hl=en-US&gl=US&ceid=US%3Aen
2026-01-22,Forget Toyota’s midship fake-out. Here’s the real deal behind its sports car plan,https://news.google.com/read/CBMinAFBVV95cUxQZFdhMzRrRHQzUDY2ODBMWldFM21nV3RaRlhnaTVTYTF4b0pZSE9QVGtDa1UyQzVjNXlvSGFaY0MxT2ZsZjNXQVYxZy1MbTVKbXdmSWN5MktVYkxBZ20ySVAybVdQdHBoQ2hHV3gtRExzRURNckNrT0xmMGVfN1BtOVVNcHRaYl8zSUJhaElPSFJVSFlLVG5DeXdDanM?hl=en-US&gl=US&ceid=US%3Aen
2026-01-22,Toyota Boss Confirms Mid-Engine Sports Car With 2.0-liter Turbo-4: TDS,https://news.google.com/read/CBMioAFBVV95cUxQRUVFamVyazFnbDkwdmV5TWVncXZacUFLemNtaVVMbjktX1BsNlBlWWM2RV9GdlRNeFo3VUlFUUxrMHNFV0xBVm1XU1FxYURFRzZIeXpPSHFIeFpHX2x3dThvdjJFVFFEZTBOWlZvUWZmdGx3SW1wRXBsQXNvYmRNWFJTU1FCQ2dUTXFCMG5kZWh6R3EwUnMxVmt0Nmg4V0h5?hl=en-US&gl=US&ceid=US%3Aen
2026-01-22,"We're Going to Have to Wait Longer for a New Toyota MR2 Than We Thought, But It Sounds Promising",https://news.google.com/read/CBMihwFBVV95cUxOc3Bqbzc0ZUpxaThrSzlOSUZISjRBRW1maEozWV9qczBPOEl2OUxqLVFqT1FwWUFPVDBWSE9hQkFvanE3d3RtRmhoOXZfN2NMYmJwTUJ0Q1VaNGFtSW1vWEpwZkswSFNDMzAxNjZ2aUNEZkRCTnZLSHBFRlhFZUQ0akxZVlNMS1k?hl=en-US&gl=US&ceid=US%3Aen
2026-01-22,"Naperville, Illinois city council denies plan for Karis Critical data center on vacant Lucent campus off Warrenville Road",https://news.google.com/read/CBMi5wFBVV95cUxQNWdCNDMyNFVSZndSODdjNW5xSWNXZ2djTUUyODIyY2FfeEZQT2MySmhZR2pVcXIzOFBMcnExamktNlRILVJHeDhuTXV0dUtEODNLTXJybzJaRF9YQ1NQcDFRbHlzZDFreHNrU083ZjJEMVd3UGJzX2wxLWlOYXhxcFJqaTJCRWFoZFZvOWtRMnNTZ1RtaHdid1hMYXJncVRqMGtIZ3ZyN2hZTURtZlNOcHRsOFpqWkdLOV9FV3YxR1k1VUh2TWdfaEJiWjJMMzB0NXBtME5EQmkwUWQzRW8zdGNaaF92VEnSAewBQVVfeXFMTjE0eDFZVGotX1VuWk51b1J1RVdNU29CUGpOZVNpQkFTUnZVZTk3ZElOOFlFa1VOTWQ2STNXOTNQazB2TjRkNkJZOUFkX3ZmaE9ta0lja01QRzhkdjRQVVNDaHhtVEg4MTdyNjdSVEZGTXhGQlJOWVMtdkhnR0tsVHZxWWR6aVZqRFRpd1k1SkllYlVySFNmR3UtVFRyd2F5QlIzbkdNMloxWmxGZ0NibUVpOFJBVF93eUNsTW82cFlwaW5yN1JlWWo4SnZKX3poNmVWdVUxbTd3ZTNOa0QwcktUeHlyNUZmOFJ0WWY?hl=en-US&gl=US&ceid=US%3Aen
2026-01-22,Public hearing on proposed data center at former Lockformer Company site on Ogden Avenue in Lisle postponed due to large crowds,https://news.google.com/read/CBMiyAFBVV95cUxQbVVnNkxRUW9TZmdQRlVzTVVZejR6TWJnWFlQZDlSV05mMFltVm1ZVXZUTkswd1BtRDZIN2V1U29Cdkc0ZjVfTGdUTzdtSklQUFF3bEZkLXpld0JaZk9DQmNzNHY1QndCMHNrWWRMSEd0N3dRQkdrX05OOC1Pb21tT2pTRFd1ak1DdE5KSllya29OVjAtV3hmaGxUZEl3VU5UMTJld2RsT0xMcTlncUtJajlVQVVGTWJFM2ZMRGhRQTY4RmdrcmIxMdIBzgFBVV95cUxPMk1xOGFRVzdxTWdDclUxMnN6WW5lZVBhRXNuWFYyb0ZibEVjRHlNU0NvS3hMbXNLdHFXaUNHS1lKYVVKNWdCOFBxdW52N050dlk2Rjlxd3BYWXhPNHZjTUwyQVYyeHdNa3VwNzZZbXpUbVVJdWQ1TUZEQmVhSmxEU2FtUm5XekEwYVlLV0lLZWNuc3o2TlJUenNadFJPejVHV01CRUZPWE5LNUJnS1J4YUF5QXkySFU3akx1Z0RPZWJuQ1RneFYwS0N6bERmdw?hl=en-US&gl=US&ceid=US%3Aen
2026-01-22,Naperville council votes down controversial data center proposal,https://news.google.com/read/CBMijgFBVV95cUxNRU5YaVhmWmRuTF9qZFpoeGFLZGpOLU9JV2RaM3VseGZsMUpmWkV5SG1GTnRKQ3FmTGpUbXBnRFRWb3N1ZEMwYnpKOV9NYnlZNHFkRVowLTJwM21aeDJIdmt6T1RoalRRRnNCNkRYWlhxa0FzVHJPWnpTQmpzQVJ3dEh5MW92Q1BKOFp2SVp3?hl=en-US&gl=US&ceid=US%3Aen
2026-01-22,Naperville City Council rejects controversial proposed data center,https://news.google.com/read/CBMickFVX3lxTE4wd2ZTMHlMci1CZ0ppMldPQmhvQy04WW1BQjZvLXFsMEFGN1lpc2x1ZHJyTGhvUEtfT0VRTHUwSTJHOGxzQzZ0bE1yX3hrY0J6TVRUVmhGZlVXbDVPUFZkYTR6TEl6OGFxNWwtX09xYjZ5Z9IBd0FVX3lxTE55Qzh5VW9SS1ozV3JBX1dacHRpbnZvdXFrSWhPNXJwN3NrMHhkWExBOFgxTjNNeWxxeF9ZUG93VUtCamNNdHZ5Z0xQSjRpNWRLLUdIYVlfcEQ2eVZ2ckd1Z05NMjlfTDZTcWxQSGpwMjktSjZzRkpN?hl=en-US&gl=US&ceid=US%3Aen
2026-01-22,Nvidia CEO Says AI Will Create Jobs For Electricians and Plumbers,https://news.google.com/read/CBMitwFBVV95cUxNaEJPc2g2Nm5EdG5TNzlhaGNET2FOelNHOVFRSjY1aXNFdlExTXI5UGxvWGFCNWlONUJIRmQ0Q1pMaEFobjhiR1licHoyZl9CVUZpSld1VUhwQUhFMXZqVlVNbGIxOW9NQkcyZUwzV0lEaFFnVm5TX2FCYnhsMDNmVGZNLVRxa1hDNU9fLXhvbEhxLUt3NE1Wel9MZnRSTklVY0xMU2hHdTRVcXVFSDJsUDFQLVlheXc?hl=en-US&gl=US&ceid=US%3Aen
2026-01-22,Nvidia CEO Jensen Huang says ‘a lot’ of six-figure jobs in plumbing and construction are about to be unlocked because someone needs to build all these new AI centers,https://news.google.com/read/CBMi4gFBVV95cUxNLWpweHZFV2xObVV5c1R1RTV5MG5kd0thNGd2Yk94S29IbEZObF9raUJfemJ6M0VLbUQ1OFp4bV9pY3lqUlpGYklSQVlrZUQ4MmRLMUpORHpCT2Jnclh6SlJqcnU3TW5YRXRiSGxJYnU1NUkydjV5UElDNXA5blduUDZ0OThvRlZGdy0xRDdUVDFqRm5RODNCUmJUM2ZHaDhnaU5WclZNS01YQ0ZlVkdZU09XbEcyQXpnY2hrVFpDb1VfakIwT3RzYzRrTXhXUUZ5SjF1clFhR0hpLWhCd2dUcXpR?hl=en-US&gl=US&ceid=US%3Aen
2026-01-22,Nvidia's Huang says AI boom will create 'six-figure salaries' for those building chip factories,https://news.google.com/read/CBMilAFBVV95cUxNQ2FiMnowRTJZamo5VE1BcU0zSjRTbTBXVGJ0VDBxeWFDekJSVW5hQ29ndkl0cmNsOTk0YUpNeXFPcl9xXzMzTGk3ZDZRMHRSOUktTkpXT1kxYVgwWndJaVcxejMwXzNkZ2s4VHMzbGk4RmV5UGtFREZFc3p6bmVMQXR0Y3dUOE1UcnhZMlluRlJvMnpP0gGaAUFVX3lxTE1UVEo4aFBRV2d4czkxQ1pELTZKMndaQ2J3SFpQNVJXNkE5VDdIMlRqcE1lQ1JVd3lwTzJfdGxTTVR2SFAzQXU5RmRITEZidVRvbWNZMnFfMXgycWxBVndkczZVbkFWbE5kS0xGY0FneDAwTUhVVkxnQVpNT3c1MjJvcFZybkxhQk1NdjkyV2dqWWZCRlVpM1E1eHc?hl=en-US&gl=US&ceid=US%3Aen
2026-01-22,‘Largest Infrastructure Buildout in Human History’: Jensen Huang on AI’s ‘Five-Layer Cake’ at Davos,https://news.google.com/read/CBMihAFBVV95cUxNSVFnNWIxajI4NGdhbjA3TGJqTVU0a3ZybEZxaHBvVmt6MWRoUGNfU2pMZUVOOXpGMDJ3NXo1andIaHduWDl4VFZrb3c2VzRaOGRzTlp0bmZFajNNVUJhc1ZaUG5WVWdYVVpKTXM0ZFB5MW0tX1lMQlRiYzB1Z2Fvc0pPZ0Q?hl=en-US&gl=US&ceid=US%3Aen
2026-01-22,"Netflix Stock Hits 52-Week Low, Analysts Cut Price Targets, See Warner Bros. Deal as a Drag",https://news.google.com/read/CBMixwFBVV95cUxPT2N5TC1Fa1lKTld1YXhNdF9XRVNDTFFCakVCRFdPa09STU9UT3o1YXlmUTl0dWNjQkxqeDhjSW9rczNOM29ibFhpcGVka3RESC1LMmdmeFJ0RFVCVlJyczBtc2VMMHV0RmV1MFFtMnBIckUtMG1IUC1ReDdZVmZ3dWUzUkl4OVpFODlDS21LSEc2Mm1JV0xNVDRCdjRUOV9qNktKenBLR2NVM2hjVkZhY2J4b0pBUmV5dUxZR2pTTWlQOEF1THJv?hl=en-US&gl=US&ceid=US%3Aen
2026-01-22,Netflix's advertising strategy shift is starting to pay off,https://news.google.com/read/CBMijAFBVV95cUxNc2luazFsWmYxRzdSOG1kYWZiMVl3RXpGYTVTaWJVYVpEM05FQ0ZGcXRCXzluZ0FXRFdBclF5bW5sVFUtNHdMOXhYY0FJa1pTVmwxa3RQQlBHVHE5NGFPZ1Exa2d1VDd5RHhmZS1zYWQtbktjNHFKYzJYdnZzcFlyZzkxMzM5d3FUNTljedIBkgFBVV95cUxNQ1JWT1R2bmpBOGlZLW1fSHZRcXUtTDVJLXloSDJRb3dOQ1BtWnc5V1RPRDYtUDIxbE80R282RDd2SG9paEF0OHNBOGdBRHJlZTlIZlNhTVljV1l0ZU1INVdKY1Z6eU9lUEVDVjl4bExSazc2emREZWQ3M3lnTHk4cGEwcTExdC04MjVMNzZCNmIyQQ?hl=en-US&gl=US&ceid=US%3Aen
2026-01-22,Why Netflix Stock Is Down 38% From Its All-Time High,https://news.google.com/read/CBMimAFBVV95cUxPUjNFRUs5RmpTdjlOU0ctcGZzcGlVTlYtdUJnSXlkWDhEVHZ0Nko0WnYyU1dZd0NTSXBfVlctTzFjQ2RMbnFaMTlGY1JjeTNCZ3BNYjRVa2MzM01ycF83SWNMQmRSYVh1d2tGU05qQTY3VnlsSXlyRHI0X0UxaDVIamhpWlY1UkN4ZVZ6XzU3bF9IcU5qVUxnbQ?hl=en-US&gl=US&ceid=US%3Aen
2026-01-22,Netflix’s stock remains under pressure as investors balk at forecast and Warner Bros. acquisition,https://news.google.com/read/CBMi1AFBVV95cUxONzc3dWxfS2pDYS1nUWtTT25oTFVBNlhVdlRXSXVVTFNFRUlhcmZoaXU3SUlVbzVtRUVBS3VNV0FMcDFQazI2aEYtYVNiWk9pZklra2hUYTB5NVJhVU9xNHp3N29pb2Y5QW9mOThrOFB4NnNaekx5S2wtS0d2eTdobVMwdFFBUFZhdzVacm5xZjZFQnVxN1NLZzF5cUhRT181cEdhLS1NbzNrZV83QjYwWGxzdkYzNE5SdkVFYU1HS2xhTUJLeVp0YnQ5ZzNGYTBuVUdpSw?hl=en-US&gl=US&ceid=US%3Aen
2026-01-22,BIG IDEAS 2026,https://news.google.com/read/CBMiU0FVX3lxTE1oZkZrZ0pFaFNMazI2R1NkZFNQWDJzdHlfN3Y2R1llWm1MTHd0LVJTVXJkSWJCM3dQbEVkS0lzUEQ3TTF1S3RKd0JMcFNKX1hkM1JN?hl=en-US&gl=US&ceid=US%3Aen
2026-01-22,Cathie Wood's Ark Invest projects bitcoin's market cap at $16 trillion by 2030,https://news.google.com/read/CBMihAFBVV95cUxNaG1ONmg4cE5lb1pOVmFqMS1RdWNyUFFvd0pKN0JXV3FqMzMydmNFb2dPaEE0VFNhLWxBNUdMSlpZZ20zbDl3eEZIdGdodEpiUTU5RVBIdzgzOXpCR29HZ0p2bF9QS2FKbFl2TTloelNUcEJpTUI2aUFfSVFRTWV5TUxIbzg?hl=en-US&gl=US&ceid=US%3Aen
2026-01-22,"1 Spectacular Cryptocurrency That Could Soar by 1,159%, According to Cathie Wood",https://news.google.com/read/CBMimAFBVV95cUxPdElkbHgxQ3RuajdVeURhUGdrTzIzUVFpVjlXN1R3bzFsaW5VMl92Z1dQSGdpMFZsTEtLU1pCX2ZkTFFtSndsb0YwZzFXU2l2MDJadE5tdU5qam5RdXRDeDBpY2NLR19nbk94NW4zNk5fTzhhS0ZTSmtNWmhLbE5NbGp3cnk2eVo4YWtjU3VTaGZMdWpYOGRsLQ?hl=en-US&gl=US&ceid=US%3Aen
2026-01-22,Cathie Wood’s ARK Invest Makes Bold Bitcoin and Nvidia Prediction,https://news.google.com/read/CBMif0FVX3lxTE5NdlM1a0lGbC03cE1uMmgyaVNqUE1iQzNFZC11VGpzZ0x2X3d6WXRlbW14RTBqVGVLNlMzTThCVG1nRGF6TS13UDRwTlVlbThlMGRHQnVILVNWTTNmSG5mdno2TWlQeEtsNjNNM25BOGlMVWsxcTI1Nl9Gb1U2Rk0?hl=en-US&gl=US&ceid=US%3Aen
2026-01-22,"Ford recalls some 119,000 vehicles due to engine block heater fire risk, NHTSA says",https://news.google.com/read/CBMimgFBVV95cUxPaWFLTm1tREQ3dW9wSjJRaWFESGVJc0ltdkh2SXJUWW1jYkg3YnppZUdDOFNmTU1LQmlQb2FZbEJRZ2Rib212cXdpMlhra2VrRUs3MDVUdnNQOXVXZlVwTVpVbVl6a0w3U0RKb2FobzR4NE1YaFZMUTB6RXBvbFhiNDhlS0c0QVQ0RWlSMHNReVJTM0VzT0JvUUxn0gGfAUFVX3lxTE9jZjR5dG1tNHBRR0cwX0RuNUZ0aGJiMndTTVF0MEN1eU1PTl9VSHhZN21PU1dqQjV5dE5YMG45OVBHb1FZZkNvclQ0OENGM3Znd0xvdGtFRmFlNkZxX0RDbEZfeWgwc3hJZ1BUaDhfYjlNck5wMHNfRmRIRzVJZ1J2ZWdEN1Q5bUYzVTRNMlFrcnhTWUY1TE9uNmFSdDFVNA?hl=en-US&gl=US&ceid=US%3Aen
2026-01-22,"Ford recalls around 119,000 vehicles over fire risk: NHTSA",https://news.google.com/read/CBMikwFBVV95cUxPd3c3a3JaUEtiQmFwMHlyUm11dnVBQ3V2V2FJSlBDeXJsd1hSNnU2cDJfZmEtQTJ6Mkd0enZ6b2ZJSnYzd0x1dHJWdmUtYTJmX2Z2aThWSXd5YkVOYWtfWnBiM0U4YVJCZm1RbGphbzIxeDhHdlUweWlmV2tYVkdfX0hUT0kzOXFRU1FmZE1HSHBwSkHSAZgBQVVfeXFMTV9NTjhCeGNZdEJXVHBsRF9nRVhZOHZ5U0h0QnZjT05za01fTEJUazNVS0RaYThHNzhYaXhZN243NWdzYVl1Q0dkcTQtSF95UmRUQ0RHYlAyZl9UN3BMc1BMQkMtT25HY0o4eWNHMFc4SFFmZW5IUkViVnVIaV9QalUxc1VmOWcxM04ydzB6R1RCcWd6TTVfWFc?hl=en-US&gl=US&ceid=US%3Aen
2026-01-22,"Ford recalls over 119,000 U.S. vehicles over engine block heater fire risk, NHTSA says",https://news.google.com/read/CBMi3gFBVV95cUxOVldFN3RwcWp0UzJ4V2Jjc2gweElhbGd5cFdEMG1BZUJId1JSSTNORVp3WGRvUXRTMVJyTHVXRnNzUnVKcnpCem9oVnR2RXlWeGRZSHowdnd5MGkwOWRnNjNWMXlqOXU1TFRYTXZ2YTkwNDNIZ3BHSXM5ODRwREQyZHZNN25PMHBrd0tFQnFkbi01Q19WT0RWU09Dclp4QWkxd1BkakhDMjRsbzVzWHNldUc3UDdiUURKMXRMSUpaNnlkb3BvYnBBMDZnamJGb195ZnJTdklqSFUzekVjSGc?hl=en-US&gl=US&ceid=US%3Aen
2026-01-22,"Ford's Recall Nightmare Spills Into 2026 as the Company Recalls 116,672 Cars That May Catch Fire",https://news.google.com/read/CBMikgFBVV95cUxONmg4VkMteV9mZ3ZRWlZBcllBSmtWOEtpWGhLS3dNRzltczFKbXk3dmhFVWNhU3Q2bW5tbGlHQWdXZC04enZzV1NQTHJkRDBqWlo3RzhUYjFZNkJKRWhaWm53RjJlaVZaSWNvYWlFaWg2VThCeV9QbEdiNlB2RjZ6YmhiUXNwelI1Wm9XOVVuaXdfdw?hl=en-US&gl=US&ceid=US%3Aen
2026-01-22,Cleveland faces salt shortage as monster storm approaches,https://news.google.com/read/CBMiuAFBVV95cUxQRkNxTE9kMUNaaEFJTTB0eFFkUVpNRHdBeUEyRFdHU01lZXJlSXo0QVpPc0xGa1VXMV9RblpyZ2lJSW1lZThzcFdlaXQtUFVPME1feWdlU1psZmE5OHBNY2FNd0FaUUtPWGVOaF9ibTk0ZFVOLWJFek1qekVPSnJuaUtYdXhDY0lMNFBOSHFJdDFVZnZod3lZX1BMb0w3NlpLZ2lUcFJoYWF5UzBZSC1EazQ0Z0M3NUNX0gHMAUFVX3lxTE9pM2ZSTGhoN3lONzl3Y0lCTEIzX2YwdGtncEJBOS1rQUtNU1RSTFVtaVZ5S3FDZ3lpNnQ0X0lEVkRoMW5lVmVvcTNnc2JoUlY2THgxenVzWEJXTGs0bmJQVE14MW00ZTEwUFFsUmc2VmNjTURfMWJnejhINUxVSWNNODhNZjFmT0I0bHBrTWRBS3lHRUg2SGdDYmo5T1k2dUdyd3B1YlFEcXVfd0xiVDQwakI0RFFkTEJCVzl0R0ZoMzN3elpjZXo2cWJIVQ?hl=en-US&gl=US&ceid=US%3Aen
2026-01-22,Cleveland running out of road salt as winter storm approaches,https://news.google.com/read/CBMimwFBVV95cUxNTV80S1h6RDg0Xy1Kbk0zejBRc0FmQ2x4aDBMM1M1TnpzTzA2RHJXbVBJQVRmNUhnb01OWFNwRXVnbjJfSmk0OEtTREgxeEdXNVBYU0J6TTQ1ZlZMOG5iOWF6RHE5bF9WQ05BdjJhY0gtc1JPV2dRdnhDRWdMdmV5c2hJc3E1NlVhOWtWZDFBMmNBVTgyVkxBdDI1TdIBrwFBVV95cUxNejdPeUxaTXpOSVEwR1h3TGd0WFl0bHY0S2RvQndRR2EyTDZkYU5jNDVhdFJVcXFGRXU5WVdNblIzMEFuek1tLUhCTlBUeXFjTkQ0dXVnWmdkV3VOU2FzNWZyWVFJaDE2SFowbTVfdzc0OUdfT2l1ZUNuWTh2bDRGZ2tsWDhhWU4zSXA4N2pUYkRCckxwUkpfbklqUlMwWWNMMzlsX1pHUkdJNWxYWFA4?hl=en-US&gl=US&ceid=US%3Aen
2026-01-22,'Very serious': Cleveland faces rock salt shortage amid ongoing winter weather,https://news.google.com/read/CBMi_wFBVV95cUxNb3ZKNFR1Q0RKZnU0WkdHdEx1RjhFWmhNS2JDRU82THNBYS1xdms0TEFkWVVHYVpCTWRsQjhBX0xQeWU5ZGdBcXU2RXpCOVBic3VlcFJqdVgtazdMdTdUZzhQRUVXY0hybHdhRkdSajlWREQ3SkhyUjRxWUtGMFBsREpkNGtVcFlXSEdiTFJzYmJjVFp1ZEU2eUk1U1VRcExTY0xweGpFVklNcFNQWkR3WUkwTnFFZWJRSzl3X1BEVmROZTdHM1RGdVdNV3NNV05wMUkxUzBIb01sYzdFMmFMMjhSdWNoZXpBTjB6T3I3WV9FREx6T282MzNRVnpFSTA?hl=en-US&gl=US&ceid=US%3Aen
2026-01-22,"Rock salt shortage forcing Cleveland, North Royalton to prioritize salting main roads over residential",https://news.google.com/read/CBMihAFBVV95cUxPTGQ2Qm1EM1FBWDZFR3FLemo4VEtuR3F1U0lLQ2gyTVNvcDd5X1lJUjNadzdvMHRlU1I5VjQ1dXNyTWgwdVdUblFDUEVNdUhxWlh6eTU2dDNPcEp5eElwV3VtZ0sxd2JXbFlGWF8zdVpyNE1ZNzVxNTJtSmRweEpEN09nQVLSAYoBQVVfeXFMTXFWNGdLRnUzWk9MeVBhQVdSYmhVRy1COTI5VFptTFF6WkZOTVJpUVNGMmQ3N0dsNU9jcm8wZWl5dFhvWG1zQlpfMHRYZHpKdk5RREJac2h2OG5Oa254WmpkMjhaUl8wRnpSSHVVY3o1cEVxYlBhU2NUaEFNRVpybnUtcXJDRmxzeDNB?hl=en-US&gl=US&ceid=US%3Aen
2026-01-22,Gold’s next surge will be driven by institutional demand - Sprott’s Ryan McIntyre,https://news.google.com/read/CBMivAFBVV95cUxNSENKLVpnR1FGdlZqdnRKcDZCUktUdmJqbHJKd2FWNDN0SWNTckxNMVVkNVQ3QUhZcjQxRTFiYlZvNC1Jd2ZjVkh1VV9icnJtZGxNTFlCX0RwUVFqa1dxYklTRG9uNUhjSnNfc2RqMjB5VHBpUDQ0NE0tTXNjcktIakx4a1hCQVd2VGxtX1dqaFR2ell3UTNvRVA0LWMzaWRlMTRpNzZMNnU3WGIyWlBXQVNBSklDemQ5d1ZobA?hl=en-US&gl=US&ceid=US%3Aen
2026-01-22,Gold slips as easing geopolitical strains lift risk appetite,https://news.google.com/read/CBMisgFBVV95cUxQMGpFRVNfZUF6QVBHZjVxVC1jN2Y3YzNCUHQzLUJ2eWV6dzNWa1NDX0RvTnNlOGZhRFpzLUVmY29yRXNhdVc1bUpDZHJaeHhRU1BlT3MwcGd0anZ3aGxjOUtaQzY4MEtYZlJOVl85em83NkJKRDJjRmM2MUdVOXVmbTIxZ2pFemZob0tpbzRQVkR3S19UVFB2SXdjXzFZNTE2UUZCSDlucUpTRGNaOGViUmhR?hl=en-US&gl=US&ceid=US%3Aen
2026-01-22,"Gold breaks new record on Greenland tariff threats — $7,000 level on the cards",https://news.google.com/read/CBMijAFBVV95cUxOY0k4TEU3dlFYbnRucnU3RGhlS21DQVI1b29iTk1kdEN2QnhGLWFncjlvXzRzanZ0NVZoMVVpVVN6bXluSkgxUC1OemNsTndoWlBiQV9nb2J1TGlLZmowUTZmclNjX2NYVnVPcG9IM0xIZmFFQkhNSFJOSUQ5OGM5RDFzcTc3dHJNLVVSb9IBkgFBVV95cUxOZnJYZjdZZWRkM0NtbDhKU1l1bG9GSkhBc1A4UUVSdnctdmhXU1diV3RSMEhXN1Z0WTZZTWRORmJta3BKT2RXNEVHcElraUU0OGU1QlVSYndnUkw1ZFBpMGZmeVZjOHh5dUIyV0x2RGxKSmdYV1hLVTlpeGRadEFhVlFwdjRLd3BHa0dyY1VYVDNfdw?hl=en-US&gl=US&ceid=US%3Aen
2026-01-22,Gold Falls After Trump Backs Away From Tariffs Over Greenland,https://news.google.com/read/CBMisgFBVV95cUxNdjNBRnZMclNGMThfakY0RUVvcVEybktvVnNJcHRlTFREdm1mblBsVWtkVURqLVpqWFFpVHdyeVd6bDZSdkhWeGZwc3BzaFZVZ3JUeVRDdUZHakFnZFBSc1hOSW1WYUdDamw5WUktT0liRkZQMjlUTV9WdEU5clpRcmxrTXJONzZ5bDhuRlJUZzYxZlhhMFBGZ1lUQWRwbWQ1TThPNGRESTl0Ry1WaXUzV0FB?hl=en-US&gl=US&ceid=US%3Aen
2026-01-22,Berkeley-based Peet's Coffee closing multiple Bay Area locations just months after being acquired by Keurig Dr Pepper,https://news.google.com/read/CBMi1AFBVV95cUxQOXJHUm5UaWl5c0dRYW84X1dfNzlVX0V1QlgwOUpLcEVYRzU1Wm9xUW1xMGtxWlR1aDNLcHo0UzI3NE01SjRVdF9qcXVUbGcyYndvV3FTWWhpeHpFWHNNcXZDdHJyVkVyUVNjS1h1aFZKd0RYcFZiMDd6WW9pWHlxbzlvU1lhR3Y1alN4ckYzLTBNaVdtRDZvNzZwaVRfOWptTC1KYWxJcDZOX21jU3pFS2RSYUhCQTVhcWJLZFlhSFhGOTV6VDg3Wks5U2VnUVp4UkthQtIB2gFBVV95cUxOZ0RiT21tUFE1SWEyR01WVFo2NEFMWEhuczV6V0xNb0E0OUZjSDh5bGh6aEZjVGJzZWx6OTlMdnJfeHA0TlhNNUZGUkN5bDlpV1BRQzRnNVBiMTdDRWllaGI5MEI2QW5FUlA2QUpoT0h5Q1E5ZFU2MFNRRnJJalF4UXpvNGNEOTM2bDU5TVMxWkpvUkRrWXJVbllacUxUQmZVck5jRmhWTmFDeFBxQ0JTVW1xOEd1U2p3bHZXS09PRFQ1LWluLW95ZG1rR3ZRMklwNEJ4UTRDU2J0UQ?hl=en-US&gl=US&ceid=US%3Aen
2026-01-22,Peet’s Coffee is closing numerous shops across the Bay Area,https://news.google.com/read/CBMimwFBVV95cUxOUWEtLTBzcFV2bW5NQzhxUVhCdkQyLTVOaWs0OW5mRk9xbjI2SzFKS0UzaHlJcERYMHJFR3lRUkF5bEh4akJUT09ualN2YjFMbjFTUUNhUndkZmFLSmtMM1htY1N4Vnh0enQ4cm0xTkxnWkZQbUE0QUNLMXQ3Qm1oS0FiTFhhRjJiME9TUFItWTd1dkl4RjNOSWxaRQ?hl=en-US&gl=US&ceid=US%3Aen
2026-01-22,Peet’s Plans U.S. Store Closings as Parent Company Takeover Begins,https://news.google.com/read/CBMipwFBVV95cUxNRjhiNVcwZzc3VDU4dWZmQXJoWjgtS1R3cDFPVEE4dHZUbV9ZdGxNS1FEWnF4dlcwdHAzYlRQX014NlBnVXRNMVdiR1k0NG00cS1HUk05ZS1PX25DNEpFTWZTcEZoTVVqOXVxbGRoUEZ4amFhdXRKVHI0djFHS2FpN3NJUXREMHIwMmpDYVEtVXA2UUhYMHlNamRuWUJqMmh6U3BTNUo2cw?hl=en-US&gl=US&ceid=US%3Aen
2026-01-22,Castro Peet's Coffee Set To Close Along With Multiple Locations Throughout San Francisco,https://news.google.com/read/CBMiugFBVV95cUxPVWpQTjNxQ0k2enZsa1k2UHdhLWtjM09DU1p2cGVwZTBYOXYxdExzOHcwTjdoR2tHRDRHWGFjak43TF9Ub09EZDlVN01aNzlzZ2p2OU5teF9tTmt1Rk02Zy1jay1zLWZ1Z2tMZkV2UXpCLTJNbGZMZFRic1FGalhSenpkVFJnUlR2UDREMmtoNlNjQkh3SnJ6aDRmeXNJWW1mTDdJMUlCSDg2Y0M2VHlKZUJmLTlVSFp5MGc?hl=en-US&gl=US&ceid=US%3Aen
2026-01-22,American decay versus American dynamism,https://news.google.com/read/CBMinwFBVV95cUxOdVBpY1hfWFRqZm1hTWlvQlZVbzRlamk5NldJVDlScjJMdXVoRjl3TXRma01MT1AteUYwZC1xUlRmUl9SbXp0TEltYktoMkM3MHdkT1dGemMzNWtCUzVpdElkeFY3VlJ2MEhZb21TRWFRQlNnOE82RjE1LVZIT0NQY283WEM5S0FRZnFXeWc0Uzl3bzFlcTV5LTgwak5CUEE?hl=en-US&gl=US&ceid=US%3Aen
2026-01-22,"Danish pension fund to sell $100 million in Treasurys, citing 'poor' U.S. government finances",https://news.google.com/read/CBMiigFBVV95cUxNNmxoendoTkZsejBDalhyNU1zWlhuRTVlQ1BtMk9FcTZJR25HODEwb3R3OTNxNF9oMVhzUjFpaFdsODBRNm5FSVdnWUlreFZ2Vml1NUNIdmhoSDdqVi1rVWVmcVpqbjlNbnhIMU5JN2VQR0pTTTUtQkJ5YXFrd1VFSTJtTHVrSXZYZGfSAY8BQVVfeXFMT3lKMzBrQmgxV2tMcmkycjN0RnpmV3pGMVV2aUgycF9LVXg5TWpzRXNzQjhZWWRONmYwSXZPeXJCNjg2MVJTMG1yTmlLeXUtYzIwYlRjMGNib29wMDlQZC1WbUZPdlNtVGNDWW5sU0MtY0VYU3oxV3kyQXgzUHRaeGdTNm13a3pCcVh4TldrS0E?hl=en-US&gl=US&ceid=US%3Aen
2026-01-22,Danish Pension Fund Is Exiting Treasuries—but Will Stick With U.S. Assets,https://news.google.com/read/CBMihwFBVV95cUxPQm5UMjBRMHk4LXBqM1pwLTdTOWttVTJBOEpxemVVY0hZdjF0NGRsTU5jSTZGdmsySmxXWTlRSkRWVUVFN3BuZFl3TEVvTWN6SVNzdE1oZ0pKb2dvazdpZEZXZ080cC05TmUxSDNCcktuVXlGZU5iSXBsUXBncWdMMk04WDFneUE?hl=en-US&gl=US&ceid=US%3Aen
2026-01-22,Sweden’s Alecta Sold Most of Its US Treasuries Since Early 2025,https://news.google.com/read/CBMitAFBVV95cUxPZ3pYeUMtSG1lLXFkN2dYNjIwZXhsOGRMdXJaTUVOYUVSQzBDQ3h3aDBleG5SQWhRRjdrQVVmZkxfSFctTGxTOU1HSWdUYkV2Y2hQRmxuT0tkRkc3aUZSY1JMSlRXSHJHeUZvYkp2NE9Fcjg0djJvUW9tUG00dHVvQlZjM1RaU0hCODRTajRNa0JSZnBSLVhhcnlWUGRBZXRCckFMQ0YxVVlYZzNZOWNuN2NwSDY?hl=en-US&gl=US&ceid=US%3Aen
2026-01-22,Warren Buffett’s Berkshire Hathaway predicts key real estate change,https://news.google.com/read/CBMipgFBVV95cUxNbE41SXJmSXhtTVo3cTBzM3FKWnRXNXhNMHlsUEJzOFdqZTBhV3JGZVJmSE1VM014YVZLNTVfWGdLLWhOSkQzQXNxUjdzOW9JQ2NjTEZsWEtyZHZzdXlKUkpnRUhfYmJrektRQ0t6SFVmZlVYQWFtM2R3bTBOcXR5OFZhYm82WWs1YzhGbXdLaVZtWGZDZzZrb0tkRk9NbUd1TDB1eFN3?hl=en-US&gl=US&ceid=US%3Aen
2026-01-22,"Current refi mortgage rates report for Jan. 21, 2026",https://news.google.com/read/CBMidkFVX3lxTFBoeDJkdTk3am10MHBBRlFLaHBWM2xvS2IyUHB6ZHhLZVpFU0NRenNDbmE1blduQU5XNzFqUVVtUFI3SkJ1c2owVnJUdzFkV2xDRnlBODhCV2UwUWVyRG5Ka1pibUFfenRmb1ZDT0hNYUN1d1Boc3c?hl=en-US&gl=US&ceid=US%3Aen
2026-01-22,"What are today's mortgage interest rates: January 22, 2026?",https://news.google.com/read/CBMiggFBVV95cUxORW43X2d1ODBVS2NoRW9TWEFwZzduX0JTalQwMU9Oa1Y4OXdvaTFJdmp0aFRFam9Xb2cxNUR3RzJRdzRObjByTTVnN1haZHAzay1OTmpsS1NoMk11UEF3SGFvX3VjWENfZ1ROMHI5N2hMeHQ2MG00LXp4a0xaaVRrVUZR?hl=en-US&gl=US&ceid=US%3Aen
2026-01-22,Mortgage Applications Today: Record-Low Mortgage Rates Spark Home Lending and Refinancing Surge,https://news.google.com/read/CBMikwFBVV95cUxOYXJZa0tTTEhwbTFxVmp2Und5LWl4cFlsS3FKV2JjN2hrNkNJbUZSeUxZT2VoMnFweEJFNG5NeDViV25WWnoyazNJLXdKeVRfTDRxT3MxSzVkUjlLaUJIQlZQOTZoemZyY19UWXB4SmJRc2ZlTHY5SUlSNm05UWVOb0NsRmQtaGNKWjB3S0xqUy01RU0?hl=en-US&gl=US&ceid=US%3Aen
2026-01-22,The Nathan's Famous Hot Dog Brand Was Sold In A Massive All-Cash Deal — Here's For How Much,https://news.google.com/read/CBMimgFBVV95cUxOTnQ4czVHUXp2SDJFZFo0aTJ2VWNkSFZYRlJFWnU5X3pLS1BvcXdBUGtzTFFSWklLSU80TkNZSE11UWIyWFFKQXNkaDFpTGVIUk4wN0pncWJKN0RaczRKSldNalBkaGNMZWhVa3lLbnpPUk1vUWdMUDZuZVdWVkt0ejRxLURQeWRjZVI1bm8tUkYyczJuYjNIWGt3?hl=en-US&gl=US&ceid=US%3Aen
2026-01-22,Chinese-owned pork producer gobbles up iconic American hot dog maker,https://news.google.com/read/CBMitwFBVV95cUxPLTAzX3V1b2xVaVFjbmV1XzlqZi1uS0gxTUZpOUJ2T01ISlE5Q0FVaXNJYUpxclBqRTQ1N0ZhZnZ3bWcxczJ2T3lwMzloZVZuX0FVMnNkV19zVUhpTDUzWXZtbnFMMVpCcmRmbnN4T1d4RTVuODlEd25PSUptNXpHNVY0TTNGYW1XTHRfenJXNzlfbkdHVVczUFpZeC02SWFHOW1HRHNydGhTclNMbnUyWmJCYzFFVlHSAbwBQVVfeXFMT2ZIZGZ5UG52cGhWNXpiSks0VWVfQzYxS2lBUEtMUmR1c2pLNnJxckJsMjhtLWZidy1fc2VpVkZlN2hXeEZuM29pcWRpZkU5WDRWemVYRnRGSkJKYmJBWmxjU1JqcEdIOGRwSFhmajJtRnd0V2VDbDdmRU9LV0lHbzZEd1d4MldlUTR2dkNHVXM1VVBDY0haY2NtM2JZSnh3NWVXWXUtQy1FN2h5QmVoZTVjc3MybGdaLW1Leko?hl=en-US&gl=US&ceid=US%3Aen
2026-01-22,Will sale of Nathan’s Famous impact July 4 hot dog eating contest?,https://news.google.com/read/CBMirwFBVV95cUxQQ2x3YjREaXl4QzZUNU9PUzJZc1prd3hjWTJJdEx4VEd4LUZTcVhyMG9SbkM4RVBKbnBnMGJJaDY1cGpHMi1UY1ZRQWhpc2JoV2hGVWFocmxnVDgxelo5a2VoOWhKMWlKNjY4Xy16eGVQcUk3d21LeTBoLTBHLWlCTW5pNUp1NlAxeVhXRzg5OVp3M1M3Z3EtM3U1WnR3Mnl4X2RRSUdFeEpOYlhmRTNR0gG0AUFVX3lxTE5SUmZodngtMWZ3MFIzcnJYNmR6VjdSNU9QbHlqWE9lRVg3MGtON3BxTERiUVNmSkZUUnlyRVVZYXY2aHdmMDlEVG1ZdkNDQ1A0d3R3UWpBWVdEamRjb0t5ZEo1MFlzMG11OVBCbHdMb0Z1dzJSc0JvS01ocnFOSGRpamNRU1BJeGlvUWZ6QXBDX1R4UjJfYkJVLU5Hd0JPcE1BcXNZNGxScnB5eEJFUm5ReWZ5ag?hl=en-US&gl=US&ceid=US%3Aen
2026-01-22,Nathan's Famous bought by Chinese-owned Smithfield in massive $450M deal: 'American tradition',https://news.google.com/read/CBMirgFBVV95cUxPM0xaRE5QZGtMU1A1cjNhNnlvT0d1Q1gyOGJIOU1BakpVYWZ1dmhId3hGd0FHS0M0bG5hSnFZR19iMndZS3FldHVGM19OdGUxVHNleUd3UXdxN3JWRHpyZDk4WHFDUm9EZnVmRnFNZHJ4MlROd1R2aUpFUmd3Q2RfcTFEaXBtb0RKRGxaOENyZUxjNG95SGV5c1R0YUhDaFlfYlA5enRrY2VJWGZUaWc?hl=en-US&gl=US&ceid=US%3Aen
2026-01-22,"Google DeepMind CEO reiterates 'no plans' for Gemini ads, surprised ChatGPT added them 'so early'",https://news.google.com/read/CBMifkFVX3lxTE9DOExlZzFyeXM0a0ZyMWlGWkZSQXJMWEdYV2VKMG1sLVBaLWdqUklLTUl3MnUyM0djV1ZXU2M1WFpZMV90U2N6RFFvZEo1VHdqRDN2cEI3d2FKNzJTdVVfd2RuQjFleGpQQVYzOE1ibzhWMHpFcmk1ZWF6V0xYUQ?hl=en-US&gl=US&ceid=US%3Aen
2026-01-22,Our approach to advertising and expanding access to ChatGPT,https://news.google.com/read/CBMif0FVX3lxTE5rU3NJXzJqdXJuTnppM1FpS1AzSEZMbnV3Sm9ONmhKLW54ajJsQUtXN2lOUm1hblF5MGZTR09VMnlZaEFnMnJPbENsdGRXQUdzT0FBSE5xZUZRanp6b3gzRlBrS2gxN2I3aGtsRHlPdmpySmgyY1ZHYWp2TnRhZW8?hl=en-US&gl=US&ceid=US%3Aen
2026-01-22,Beta Advertisers Begin Testing New ChatGPT Ads With Budgets Of $1M Each 01/21/2026,https://news.google.com/read/CBMirgFBVV95cUxNMnlLbjdTTVJCSkRNQk9NTjR1bm9YQ0tfdnN4XzFsY3J4RFVzSVVFNmJGM2hOS0ZEOGc1WWtWa2JMdDBQelNmdWcwY2lIYW5xQUc5T1g3RGtLZC0ycWthZExKTU16NXpjZ1BCZ2d5UWZYZGZwQ3hCODFQOWdJYTFSVkw1QW4zdmRVNDZ4ZjV6M05QanVpbnVncHNtN2FkaUZqelM0aE41NGphbmh1YXc?hl=en-US&gl=US&ceid=US%3Aen
2026-01-22,Google rules out ads in Gemini — for now,https://news.google.com/read/CBMif0FVX3lxTE55cW5KWEI1OGxXem9LX3dxTERxSUZSWFVZYmRUOGoteTJFaFc0OWs4em42UVlJaXBsd0F2ZHNVYXRCRkRHcWNxT013MTRITTYwSXZ6akp4amM4c2pYYWlLNmJnRFQzZ25iYlQ5WFZPU1RoSEQ5SlhJWjkzaVZUSDA?hl=en-US&gl=US&ceid=US%3Aen
2026-01-22,4 Arizona restaurants are among the nation’s top spots to eat in 2026,https://news.google.com/read/CBMisAFBVV95cUxNV2Vta2Izal9DMWRqaG8xNS1ISnBGeFY3WTVvMS1oeDk1cjN2emJfZi1SeHlpZzVDSGhIOUx4N3NZUk9peVhUamxyNHpBc0d1RXRodGwzNTl3bWpfZ2FRdXNyZ19EQ1lsMTJ6SEMtbVhya0VUclBOeFk5enpVemFpeWRYYWxOcENONUg2SDRnd015Vlc4eEMzZUtHaG9Db19kOFlJb3ZBclZCaGR6eEJpRw?hl=en-US&gl=US&ceid=US%3Aen
2026-01-22,"This restaurant is the best place to eat in the US, according to Yelp",https://news.google.com/read/CBMiiAFBVV95cUxORUdGRExNSHpCNXBCbXZqeVhKU2dsczZDXzJRSU5aY1I5NUh4YWlIUjc4WDZxaUwyUUZ0aHF1VHdNQkx5M0NMVmtpZkpGQi03Y0xRSmduTTBHZzFRdV9QalhtaDNHM3lLdFp4NUdCUklnZXlfQkFpWmF0ZGI3YXFtZklKVlZVVnB60gGOAUFVX3lxTE1ZTFZSaEU3OFNRMW9tQkJwMldKTzJzX3JxM0t3a3VpM2tMbEpWcnJrYlJRUm55eTY3OUtoTks5TXZ4VTNDS2lZdFR0ODUyUGxuQ2g2OVNwV2h3Y1FHdmFzRHJnb2Q5VHNjU0tfSEZZbHRmaU1YOUV4OXFHQ0dTLVI4bmRxUXdMNmVXS0Q3aXc?hl=en-US&gl=US&ceid=US%3Aen
2026-01-22,4 Arizona spots make Yelp’s ‘Top 100 US Restaurants 2026′ list,https://news.google.com/read/CBMinAFBVV95cUxPOWM2ZWhCVlVrUkt5bW1FMHpZVElPVnd5WUI4UnZuNzhsRFkxOXFjV0ktVmN1MjBxcTFpVFZwRTBnWGxvdzh2U21tYzVQY2Q4d2RMOFdwTmRZaG1LT0VxZmUwOERuYTNXdkpjclJ1OTdfMXo3X09peUZfQ2ptbVpRQ0I2aE5CUVZDSGhEQVk4Z1hfblpDQW9mRUZRYTnSAbABQVVfeXFMTnJRVWJ5WmtVaUJFYUg2ZWlaYUZuOWRPb2FQVHBReEVaVDFBNDdGc1Mwc2RVVFAxNzU5d2VTdXl2czZsZ052M2g5dHBnbjlGU2lpOExLRnFVMFZxQnVpS2NIbnB5VVFRV2xqamw0UXdXandoUllyY1VGZ1poVVlDekVld19wV1Q3bGdMMkZLVGNha1NFUkowdDRBSHlDaVUwblgxZ0cyZGZwdzI4Ny1CVmQ?hl=en-US&gl=US&ceid=US%3Aen
2026-01-22,2 Ohio eateries named among the Top 100 restaurants in the United States by Yelp,https://news.google.com/read/CBMihAFBVV95cUxPOS1yU09TLWVTeXdxV1FMaU5WSXVtYjZLSUxQZThkUUZmcVJVZTZDR3pZVmFEVkstSzRMdDBMY0pfRFNxSk41Y3BMa3ZLdlBycGFhcVJlb1Vwa0l5Vm5Ld01tWGZNN3ZGMERKNnd5TFFJT0NvdW5hTkxUU2UwakZUNnR0VnQ?hl=en-US&gl=US&ceid=US%3Aen
2026-01-22,‘It’s Now Happening’—Urgent $38 Trillion U.S. Dollar ‘Collapse’ Warning Issued As Markets Brace For Gold And Bitcoin Price Shocks,https://news.google.com/read/CBMi5AFBVV95cUxPZVRUZnIzUWE4QUVzeDR1elh5QWxocXBGbjY5N1dMemRDV3JSdEpmRHd5RmJfdUJtcFJnVWt5Nk4yTVJYTzJ2eWpjbWxxOGVhT25xSlZLRVpsRDZmSkZsVWRvTUVpaG14M21hQTI5SElMUDFLeXpfdFNTU0RLbVN1cFROUXZFT1J3QW5ndU16Rm85M1JzcTRqRmxvNFZGSjAxdHNXNEVtZF9JT09YNWRPM3RmNU95VXF3X3VZb2Nuc0tXaXJlZDNrUHVpaHpZck4wQU9nZTNfNjhhRGJlUjcxc3lQYTU?hl=en-US&gl=US&ceid=US%3Aen
2026-01-22,Ray Dalio Sees Ongoing Diversification Away From US Assets,https://news.google.com/read/CBMijAFBVV95cUxOa0ZEczEyRUFZOXZmYUEtSmpoenFHenE4eldJOFk5UVk3UFRKRkhrbk12VUlxYU80b1dzcVNBenJndnd4QTh0Nll4S19EdFU2VWNLRUttOHJubGpsREpuNXE3dml2N3h4OVA1VGozS0p2dFZ3cEctcHJjVTZWZzFDcE1SZ1M3Z1dPTkJDUA?hl=en-US&gl=US&ceid=US%3Aen
2026-01-22,Ray Dalio says these 5 historic cycles are driving today’s markets,https://news.google.com/read/CBMinwFBVV95cUxPT2tyTE9nXy1Fc05GdXZqNmQyUFlqR1YtblJycUVKOEQ5YVU1U2x3S2dGMFlCaFU1YkhqMURySXJHd3FncnFQSVJzVzhiSl9QUlh5TEV4Q29zeVI5VHNLZTRkT0tKZW9INHBkYXRCNW93dDBxY05XVVA3ZVA3T1pHOHFJNTNjalJfTGhXdnRhV0l1X0JEVTFWMEhOV3gzYjA?hl=en-US&gl=US&ceid=US%3Aen
2026-01-22,"Ray Dalio warns that 'capital wars' could follow Trump's actions, with countries dumping U.S. assets",https://news.google.com/read/CBMixAFBVV95cUxNZGhSalRPUktTOGtmSERZdlVmaGRCdjhYOU9kV2xYa0Vkd3plYjRSUmk4RE5lS2pTVUF2bXVMRVVhT1pINGo5eHlqTEtxOVdFTXFXbWdobUZaNTkxZ0tOcGIzZFZBUUQ3VjR4MXQxZ3E5NnVxTG5xNWtuZU1fRkRGUVVSdGRKaWFBbE5YU3RxT3VBUEN3YmwwTzROZzhCbDZEYUU2M2dqTFRxZzRCLWFXUTBtUXRXZFdpVjcwaV9nZEpnRUs30gHKAUFVX3lxTFBVcWFjNjhCazdZSmp0aHhWVm5sbHZTQ0tOR2E4WFNlTTUzdFM3TW1id1ktRTZqb09YaU5VU1BpYkNmRFhiME0tU2RLVlVHb2JzS3FrSjY0bUlNRnZPOWhtRXUtcHlVa3dQUUdoVV9JbGlWeXdQMW03bXVBbnRmR3lyYU4xMTdXYnREbWFCMG1zb2lSSW5TcXdhYmlxeWZWSHV4SndSUHEySVUtWlRZb01IWXJwcXlvVTBUYWlOMHNGb2ZWYTExdDhJYnc?hl=en-US&gl=US&ceid=US%3Aen
